timestamp,cpuPercent,heapUsedMB,latencyMs,errorCount,label
2024-06-15T08:00:00,23.99,74.65,47.18,1,0
2024-06-15T08:00:01,28.09,74.41,40.13,0,0
2024-06-15T08:00:02,28.32,76.92,38.24,0,0
2024-06-15T08:00:03,24.17,73.84,38.27,0,0
2024-06-15T08:00:04,22.97,70.22,28.2,0,0
2024-06-15T08:00:05,19.75,72.47,44.51,0,0
2024-06-15T08:00:06,18.37,71.47,53.73,0,0
2024-06-15T08:00:07,21.1,75.17,30.6,1,0
2024-06-15T08:00:08,19.82,75.28,32.79,0,0
2024-06-15T08:00:09,23.5,73.5,39.67,0,0
2024-06-15T08:00:10,19.59,79.63,41.89,0,0
2024-06-15T08:00:11,17.77,77.06,32.23,0,0
2024-06-15T08:00:12,22.84,70.1,31.37,0,0
2024-06-15T08:00:13,22.79,76.85,43.37,0,0
2024-06-15T08:00:14,21.54,74.25,30.17,0,0
2024-06-15T08:00:15,19.12,73.85,50.46,0,0
2024-06-15T08:00:16,23.37,70.59,44.59,0,0
2024-06-15T08:00:17,20.46,73.31,46.89,0,0
2024-06-15T08:00:18,26.12,77.33,35.29,0,0
2024-06-15T08:00:19,20.76,75.83,49.8,0,0
2024-06-15T08:00:20,20.08,74.54,33.15,0,0
2024-06-15T08:00:21,17.22,77.03,52.85,0,0
2024-06-15T08:00:22,21.71,77.51,44.89,0,0
2024-06-15T08:00:23,19.42,75.9,54.3,0,0
2024-06-15T08:00:24,21.86,78.91,21.04,0,0
2024-06-15T08:00:25,25.29,75.22,39.61,0,0
2024-06-15T08:00:26,22.37,70.03,40.24,0,0
2024-06-15T08:00:27,23.43,78.69,37.85,0,0
2024-06-15T08:00:28,18.77,73.75,49.32,0,0
2024-06-15T08:00:29,23.32,73.68,46.11,0,0
2024-06-15T08:00:30,22.39,77.42,36.38,0,0
2024-06-15T08:00:31,20.69,74.02,30.29,0,0
2024-06-15T08:00:32,23.18,75.65,42.04,0,0
2024-06-15T08:00:33,21.06,71.46,38.63,0,0
2024-06-15T08:00:34,20.63,72.99,40.71,0,0
2024-06-15T08:00:35,23.62,79.72,43.4,0,0
2024-06-15T08:00:36,23.03,74.81,26.65,0,0
2024-06-15T08:00:37,21.89,75.15,61.71,0,0
2024-06-15T08:00:38,21.23,75.75,41.72,0,0
2024-06-15T08:00:39,17.33,77.86,48.02,0,0
2024-06-15T08:00:40,25.16,72.73,53.22,0,0
2024-06-15T08:00:41,16.39,76.47,59.52,0,0
2024-06-15T08:00:42,18.04,73.58,42.8,0,0
2024-06-15T08:00:43,19.99,71.12,42.55,0,0
2024-06-15T08:00:44,17.75,76.18,34.64,0,0
2024-06-15T08:00:45,28.2,73.04,39.42,0,0
2024-06-15T08:00:46,25.25,71.92,43.82,0,0
2024-06-15T08:00:47,27.23,70.98,43.48,0,0
2024-06-15T08:00:48,23.04,76.95,32.1,0,0
2024-06-15T08:00:49,16.72,76.3,44.38,0,0
2024-06-15T08:00:50,23.0,75.87,36.56,0,0
2024-06-15T08:00:51,22.93,75.73,36.29,0,0
2024-06-15T08:00:52,29.46,76.18,32.47,0,0
2024-06-15T08:00:53,24.63,72.56,48.3,0,0
2024-06-15T08:00:54,26.63,72.95,49.71,0,0
2024-06-15T08:00:55,23.65,77.06,57.17,1,0
2024-06-15T08:00:56,21.02,73.12,34.88,0,0
2024-06-15T08:00:57,18.74,74.81,44.73,0,0
2024-06-15T08:00:58,23.11,77.07,42.1,0,0
2024-06-15T08:00:59,27.81,74.34,63.76,0,0
2024-06-15T08:01:00,24.5,72.86,33.43,0,0
2024-06-15T08:01:01,23.93,74.44,47.71,0,0
2024-06-15T08:01:02,23.89,74.82,35.23,0,0
2024-06-15T08:01:03,15.94,73.88,48.85,0,0
2024-06-15T08:01:04,22.86,71.89,43.39,0,0
2024-06-15T08:01:05,23.54,72.79,43.23,0,0
2024-06-15T08:01:06,22.23,72.14,44.86,0,0
2024-06-15T08:01:07,24.24,77.71,50.43,0,0
2024-06-15T08:01:08,16.49,72.66,46.12,0,0
2024-06-15T08:01:09,24.06,76.29,72.82,0,0
2024-06-15T08:01:10,24.28,77.84,49.63,0,0
2024-06-15T08:01:11,24.61,74.21,48.07,0,0
2024-06-15T08:01:12,18.91,74.41,38.12,0,0
2024-06-15T08:01:13,22.33,80.79,27.06,0,0
2024-06-15T08:01:14,24.75,70.97,38.22,0,0
2024-06-15T08:01:15,26.36,75.16,33.38,0,0
2024-06-15T08:01:16,19.14,76.7,36.16,0,0
2024-06-15T08:01:17,22.87,75.11,36.79,0,0
2024-06-15T08:01:18,30.58,76.58,25.8,0,0
2024-06-15T08:01:19,22.75,73.35,48.82,0,0
2024-06-15T08:01:20,18.83,74.71,46.04,0,0
2024-06-15T08:01:21,25.46,72.0,39.32,0,0
2024-06-15T08:01:22,20.1,73.37,56.12,0,0
2024-06-15T08:01:23,23.62,71.85,49.34,0,0
2024-06-15T08:01:24,30.49,77.58,29.85,0,0
2024-06-15T08:01:25,20.06,78.17,36.34,0,0
2024-06-15T08:01:26,23.78,76.94,34.58,0,0
2024-06-15T08:01:27,21.76,66.9,33.8,0,0
2024-06-15T08:01:28,20.99,71.88,55.06,1,0
2024-06-15T08:01:29,16.28,73.9,43.05,0,0
2024-06-15T08:01:30,27.77,71.41,51.31,0,0
2024-06-15T08:01:31,22.04,72.55,45.7,0,0
2024-06-15T08:01:32,22.8,73.5,42.56,0,0
2024-06-15T08:01:33,20.46,75.28,47.3,0,0
2024-06-15T08:01:34,28.34,71.91,59.06,0,0
2024-06-15T08:01:35,14.19,74.62,46.71,0,0
2024-06-15T08:01:36,23.12,73.44,40.34,0,0
2024-06-15T08:01:37,20.03,73.53,48.8,0,0
2024-06-15T08:01:38,23.43,73.27,49.2,0,0
2024-06-15T08:01:39,23.23,77.03,47.04,0,0
2024-06-15T08:01:40,18.68,73.6,47.98,0,0
2024-06-15T08:01:41,24.44,74.95,42.94,0,0
2024-06-15T08:01:42,27.11,73.52,46.38,0,0
2024-06-15T08:01:43,21.19,74.46,50.79,0,0
2024-06-15T08:01:44,25.3,77.03,52.44,0,0
2024-06-15T08:01:45,22.08,76.7,39.52,0,0
2024-06-15T08:01:46,23.3,74.67,42.78,0,0
2024-06-15T08:01:47,24.38,72.95,58.74,0,0
2024-06-15T08:01:48,17.98,71.96,51.26,0,0
2024-06-15T08:01:49,25.17,76.56,47.03,0,0
2024-06-15T08:01:50,21.95,72.76,42.61,0,0
2024-06-15T08:01:51,19.29,77.44,40.82,0,0
2024-06-15T08:01:52,18.7,74.2,45.3,1,0
2024-06-15T08:01:53,19.75,72.94,43.95,0,0
2024-06-15T08:01:54,22.98,73.73,38.23,1,0
2024-06-15T08:01:55,22.93,71.38,30.74,0,0
2024-06-15T08:01:56,19.13,74.47,44.49,0,0
2024-06-15T08:01:57,27.9,77.14,40.72,0,0
2024-06-15T08:01:58,21.92,72.49,41.85,0,0
2024-06-15T08:01:59,20.85,75.81,35.38,0,0
2024-06-15T08:02:00,24.08,78.83,41.13,0,0
2024-06-15T08:02:01,23.61,76.73,38.79,0,0
2024-06-15T08:02:02,22.9,75.03,42.78,0,0
2024-06-15T08:02:03,18.91,75.06,45.98,0,0
2024-06-15T08:02:04,27.8,77.4,59.23,0,0
2024-06-15T08:02:05,18.93,77.18,43.47,0,0
2024-06-15T08:02:06,30.76,72.98,35.28,0,0
2024-06-15T08:02:07,19.6,69.69,37.79,0,0
2024-06-15T08:02:08,18.96,75.38,44.73,0,0
2024-06-15T08:02:09,29.5,77.38,37.38,0,0
2024-06-15T08:02:10,18.41,76.23,31.44,0,0
2024-06-15T08:02:11,29.33,77.95,38.25,0,0
2024-06-15T08:02:12,15.15,78.38,41.08,0,0
2024-06-15T08:02:13,26.95,71.01,37.2,0,0
2024-06-15T08:02:14,22.02,75.12,38.4,0,0
2024-06-15T08:02:15,24.49,72.33,40.86,0,0
2024-06-15T08:02:16,22.48,76.29,47.69,0,0
2024-06-15T08:02:17,17.5,71.16,52.22,0,0
2024-06-15T08:02:18,23.33,73.13,54.41,0,0
2024-06-15T08:02:19,22.46,77.95,42.54,0,0
2024-06-15T08:02:20,30.24,79.39,40.01,0,1
2024-06-15T08:02:21,26.44,79.71,50.45,0,1
2024-06-15T08:02:22,28.27,73.56,41.54,0,1
2024-06-15T08:02:23,16.34,81.82,74.24,0,1
2024-06-15T08:02:24,18.17,80.6,66.03,0,1
2024-06-15T08:02:25,24.38,79.52,52.75,0,1
2024-06-15T08:02:26,29.55,83.29,70.59,1,1
2024-06-15T08:02:27,20.87,81.31,59.55,0,1
2024-06-15T08:02:28,27.59,90.63,50.18,1,1
2024-06-15T08:02:29,21.45,100.63,114.75,0,1
2024-06-15T08:02:30,26.95,86.0,83.09,0,1
2024-06-15T08:02:31,32.32,100.14,104.88,1,1
2024-06-15T08:02:32,30.16,96.31,122.04,0,1
2024-06-15T08:02:33,35.16,82.25,77.92,0,1
2024-06-15T08:02:34,32.61,97.91,81.67,0,1
2024-06-15T08:02:35,39.23,106.04,81.92,1,1
2024-06-15T08:02:36,28.96,119.04,130.51,0,1
2024-06-15T08:02:37,38.45,95.19,79.6,1,1
2024-06-15T08:02:38,32.06,126.1,78.82,0,1
2024-06-15T08:02:39,37.56,124.87,96.87,1,1
2024-06-15T08:02:40,39.96,98.96,164.37,0,1
2024-06-15T08:02:41,39.71,112.46,93.38,0,1
2024-06-15T08:02:42,34.47,112.1,148.7,1,1
2024-06-15T08:02:43,27.0,93.36,209.82,0,1
2024-06-15T08:02:44,48.19,122.91,150.48,0,1
2024-06-15T08:02:45,43.39,135.69,215.85,1,1
2024-06-15T08:02:46,44.28,141.89,99.77,1,1
2024-06-15T08:02:47,35.57,101.86,218.33,1,1
2024-06-15T08:02:48,42.15,152.21,162.13,0,1
2024-06-15T08:02:49,38.61,143.23,152.73,0,1
2024-06-15T08:02:50,53.94,138.15,110.26,1,1
2024-06-15T08:02:51,32.99,106.15,239.68,0,1
2024-06-15T08:02:52,41.1,125.29,135.16,0,1
2024-06-15T08:02:53,56.03,127.11,256.34,1,1
2024-06-15T08:02:54,40.28,152.52,234.75,0,1
2024-06-15T08:02:55,50.76,122.36,171.35,0,1
2024-06-15T08:02:56,33.57,151.98,207.54,0,1
2024-06-15T08:02:57,58.71,179.63,220.65,0,1
2024-06-15T08:02:58,54.36,154.69,185.73,0,1
2024-06-15T08:02:59,64.2,142.49,122.03,1,1
2024-06-15T08:03:00,40.35,135.69,279.83,0,1
2024-06-15T08:03:01,70.34,137.6,165.82,1,1
2024-06-15T08:03:02,42.1,124.46,225.0,1,1
2024-06-15T08:03:03,44.29,163.93,265.73,0,1
2024-06-15T08:03:04,41.23,178.56,178.21,1,1
2024-06-15T08:03:05,46.71,108.55,234.24,0,1
2024-06-15T08:03:06,54.4,153.24,214.98,0,1
2024-06-15T08:03:07,53.3,197.9,380.51,1,1
2024-06-15T08:03:08,37.18,122.54,309.04,1,1
2024-06-15T08:03:09,56.68,133.86,310.6,0,1
2024-06-15T08:03:10,44.05,137.93,321.59,1,1
2024-06-15T08:03:11,59.61,189.09,176.49,0,1
2024-06-15T08:03:12,60.65,217.2,376.07,1,1
2024-06-15T08:03:13,52.49,180.23,193.75,0,1
2024-06-15T08:03:14,49.98,234.89,351.63,0,1
2024-06-15T08:03:15,81.03,168.67,122.71,1,1
2024-06-15T08:03:16,51.77,217.16,445.83,1,1
2024-06-15T08:03:17,59.07,112.22,440.18,0,1
2024-06-15T08:03:18,72.14,223.51,196.43,1,1
2024-06-15T08:03:19,65.93,142.53,465.92,1,1
2024-06-15T08:03:20,99.9,304.07,1170.23,1,1
2024-06-15T08:03:21,22.1,72.69,31.19,0,0
2024-06-15T08:03:22,18.1,77.63,34.4,0,0
2024-06-15T08:03:23,32.53,76.23,43.48,0,0
2024-06-15T08:03:24,18.57,76.75,37.39,0,0
2024-06-15T08:03:25,22.49,81.4,41.23,0,0
2024-06-15T08:03:26,26.6,73.24,41.72,0,0
2024-06-15T08:03:27,29.08,73.43,56.5,0,0
2024-06-15T08:03:28,24.83,73.59,47.06,0,0
2024-06-15T08:03:29,25.89,76.55,29.44,0,0
2024-06-15T08:03:30,19.09,74.38,41.4,0,0
2024-06-15T08:03:31,24.48,75.44,31.32,0,0
2024-06-15T08:03:32,23.52,76.53,46.48,0,0
2024-06-15T08:03:33,26.32,77.08,45.67,0,0
2024-06-15T08:03:34,21.72,70.85,45.44,0,0
2024-06-15T08:03:35,22.83,75.68,31.79,0,0
2024-06-15T08:03:36,17.68,77.63,41.68,0,0
2024-06-15T08:03:37,24.73,75.07,42.24,1,0
2024-06-15T08:03:38,25.75,73.71,42.77,0,0
2024-06-15T08:03:39,20.15,73.91,39.53,0,0
2024-06-15T08:03:40,22.89,73.8,52.05,0,0
2024-06-15T08:03:41,18.42,74.53,38.48,0,0
2024-06-15T08:03:42,27.79,75.49,50.25,0,0
2024-06-15T08:03:43,16.06,75.67,49.12,0,0
2024-06-15T08:03:44,22.33,77.66,37.86,1,0
2024-06-15T08:03:45,27.64,80.75,39.1,0,0
2024-06-15T08:03:46,20.22,78.63,54.64,0,0
2024-06-15T08:03:47,19.91,73.95,39.75,0,0
2024-06-15T08:03:48,16.62,72.7,33.97,0,0
2024-06-15T08:03:49,18.93,74.91,43.87,0,0
2024-06-15T08:03:50,28.2,72.5,49.87,0,0
2024-06-15T08:03:51,21.14,74.88,47.4,0,0
2024-06-15T08:03:52,17.51,75.96,43.33,0,0
2024-06-15T08:03:53,23.97,75.72,61.64,0,0
2024-06-15T08:03:54,19.45,73.67,37.01,0,0
2024-06-15T08:03:55,19.78,73.41,51.51,0,0
2024-06-15T08:03:56,27.68,73.57,35.34,0,0
2024-06-15T08:03:57,23.89,73.62,47.06,0,0
2024-06-15T08:03:58,22.81,71.21,54.38,0,0
2024-06-15T08:03:59,29.18,73.47,38.9,0,0
2024-06-15T08:04:00,23.14,75.84,47.27,0,0
2024-06-15T08:04:01,30.04,74.56,35.61,0,0
2024-06-15T08:04:02,16.48,73.17,41.73,0,0
2024-06-15T08:04:03,29.18,73.71,43.79,0,0
2024-06-15T08:04:04,21.93,77.97,62.22,0,0
2024-06-15T08:04:05,19.88,73.78,50.35,0,0
2024-06-15T08:04:06,24.73,79.62,46.67,0,0
2024-06-15T08:04:07,20.56,76.48,50.87,0,0
2024-06-15T08:04:08,25.28,76.27,50.53,0,0
2024-06-15T08:04:09,26.68,78.46,47.19,0,0
2024-06-15T08:04:10,21.33,75.37,51.65,0,0
2024-06-15T08:04:11,18.73,75.92,38.85,1,0
2024-06-15T08:04:12,22.11,78.2,43.53,0,0
2024-06-15T08:04:13,22.19,71.6,47.97,0,0
2024-06-15T08:04:14,24.58,80.41,39.54,0,0
2024-06-15T08:04:15,22.88,75.62,54.62,0,0
2024-06-15T08:04:16,21.62,75.7,46.86,0,0
2024-06-15T08:04:17,22.75,73.88,43.55,0,0
2024-06-15T08:04:18,26.29,72.43,43.06,0,0
2024-06-15T08:04:19,19.2,77.99,29.81,0,0
2024-06-15T08:04:20,19.76,75.94,54.52,0,0
2024-06-15T08:04:21,21.74,73.61,57.05,0,0
2024-06-15T08:04:22,16.21,69.5,45.52,0,0
2024-06-15T08:04:23,19.99,72.45,47.67,0,0
2024-06-15T08:04:24,22.98,73.59,31.76,0,0
2024-06-15T08:04:25,25.49,76.63,41.21,0,0
2024-06-15T08:04:26,29.39,72.32,29.8,0,0
2024-06-15T08:04:27,19.23,74.89,43.95,0,0
2024-06-15T08:04:28,21.04,75.88,31.99,0,0
2024-06-15T08:04:29,27.78,74.79,50.94,1,0
2024-06-15T08:04:30,23.37,76.14,46.56,0,0
2024-06-15T08:04:31,23.79,76.61,52.63,0,0
2024-06-15T08:04:32,22.79,76.77,41.28,0,0
2024-06-15T08:04:33,27.76,73.31,56.41,0,0
2024-06-15T08:04:34,21.84,71.42,43.02,0,0
2024-06-15T08:04:35,19.28,77.1,36.78,0,0
2024-06-15T08:04:36,20.22,70.28,38.38,0,0
2024-06-15T08:04:37,12.3,71.04,48.08,0,0
2024-06-15T08:04:38,25.14,76.06,34.26,0,0
2024-06-15T08:04:39,21.81,74.99,32.73,0,0
2024-06-15T08:04:40,28.01,77.19,40.23,0,0
2024-06-15T08:04:41,22.11,75.52,25.67,0,0
2024-06-15T08:04:42,21.01,73.3,33.99,0,0
2024-06-15T08:04:43,20.88,79.49,47.13,0,0
2024-06-15T08:04:44,19.72,76.43,53.19,0,0
2024-06-15T08:04:45,25.7,75.15,36.82,0,0
2024-06-15T08:04:46,24.79,75.98,49.16,0,0
2024-06-15T08:04:47,24.54,77.62,37.72,0,0
2024-06-15T08:04:48,27.27,75.49,58.6,0,0
2024-06-15T08:04:49,19.24,79.34,43.58,0,0
2024-06-15T08:04:50,19.39,73.79,39.44,0,0
2024-06-15T08:04:51,23.7,76.31,37.41,0,0
2024-06-15T08:04:52,21.9,80.36,55.82,0,0
2024-06-15T08:04:53,23.75,75.1,42.96,0,0
2024-06-15T08:04:54,24.45,72.44,39.94,0,0
2024-06-15T08:04:55,15.33,76.0,47.18,1,0
2024-06-15T08:04:56,20.07,78.93,32.19,0,0
2024-06-15T08:04:57,16.14,75.56,50.38,0,0
2024-06-15T08:04:58,28.74,73.85,50.63,0,0
2024-06-15T08:04:59,21.85,74.57,49.07,0,0
2024-06-15T08:05:00,24.61,71.06,53.81,0,0
2024-06-15T08:05:01,27.52,73.44,45.17,0,0
2024-06-15T08:05:02,23.98,75.65,37.6,0,0
2024-06-15T08:05:03,19.31,74.94,51.38,0,0
2024-06-15T08:05:04,24.17,74.07,48.17,0,0
2024-06-15T08:05:05,10.61,77.87,28.08,0,0
2024-06-15T08:05:06,20.55,72.2,31.64,0,0
2024-06-15T08:05:07,26.64,73.83,44.77,0,0
2024-06-15T08:05:08,21.81,76.19,42.61,0,0
2024-06-15T08:05:09,16.87,77.49,38.05,0,0
2024-06-15T08:05:10,15.77,73.93,54.01,0,0
2024-06-15T08:05:11,25.4,74.13,39.21,0,0
2024-06-15T08:05:12,20.71,80.19,45.06,0,0
2024-06-15T08:05:13,23.72,77.58,43.91,0,0
2024-06-15T08:05:14,20.96,74.51,41.43,0,0
2024-06-15T08:05:15,21.85,76.82,42.42,0,0
2024-06-15T08:05:16,24.93,74.8,42.63,0,0
2024-06-15T08:05:17,14.01,77.29,44.77,0,0
2024-06-15T08:05:18,25.99,67.76,58.71,0,0
2024-06-15T08:05:19,21.44,77.77,33.68,0,0
2024-06-15T08:05:20,24.45,72.37,37.01,0,0
2024-06-15T08:05:21,29.66,74.52,43.74,1,0
2024-06-15T08:05:22,25.48,76.24,43.2,0,0
2024-06-15T08:05:23,23.46,81.01,41.54,0,0
2024-06-15T08:05:24,22.8,77.63,50.84,0,0
2024-06-15T08:05:25,26.75,76.6,32.86,0,0
2024-06-15T08:05:26,28.53,72.13,44.42,0,0
2024-06-15T08:05:27,18.98,74.84,44.63,0,0
2024-06-15T08:05:28,23.29,76.05,54.91,0,0
2024-06-15T08:05:29,23.81,74.39,49.71,0,0
2024-06-15T08:05:30,26.76,71.93,46.78,0,0
2024-06-15T08:05:31,24.8,74.26,53.01,0,0
2024-06-15T08:05:32,21.4,75.31,40.62,0,0
2024-06-15T08:05:33,22.06,72.26,30.48,0,0
2024-06-15T08:05:34,28.38,72.88,34.07,0,0
2024-06-15T08:05:35,13.39,73.4,31.42,0,0
2024-06-15T08:05:36,28.57,77.52,36.49,0,0
2024-06-15T08:05:37,31.01,77.45,39.4,0,0
2024-06-15T08:05:38,12.0,80.73,30.88,0,0
2024-06-15T08:05:39,15.42,77.56,61.52,0,0
2024-06-15T08:05:40,27.54,76.41,46.76,0,0
2024-06-15T08:05:41,25.41,76.9,44.25,0,0
2024-06-15T08:05:42,22.42,74.84,35.97,1,0
2024-06-15T08:05:43,20.88,70.77,41.21,0,0
2024-06-15T08:05:44,18.05,72.24,43.44,0,0
2024-06-15T08:05:45,27.57,77.3,29.44,0,0
2024-06-15T08:05:46,18.04,77.35,34.14,0,0
2024-06-15T08:05:47,21.1,76.38,34.25,0,0
2024-06-15T08:05:48,22.42,71.66,37.19,0,0
2024-06-15T08:05:49,23.28,71.02,45.52,0,0
2024-06-15T08:05:50,21.92,76.38,43.79,0,0
2024-06-15T08:05:51,27.46,75.31,38.56,0,0
2024-06-15T08:05:52,22.49,76.36,42.39,0,0
2024-06-15T08:05:53,22.16,73.25,36.7,0,0
2024-06-15T08:05:54,16.39,79.37,32.05,1,0
2024-06-15T08:05:55,19.23,73.2,49.16,0,0
2024-06-15T08:05:56,20.82,78.12,36.61,0,0
2024-06-15T08:05:57,23.12,72.91,59.16,0,0
2024-06-15T08:05:58,17.25,75.77,47.07,0,0
2024-06-15T08:05:59,23.66,74.54,40.96,0,0
2024-06-15T08:06:00,22.18,74.63,49.71,0,0
2024-06-15T08:06:01,30.84,73.61,31.04,0,0
2024-06-15T08:06:02,21.65,81.45,35.57,0,0
2024-06-15T08:06:03,28.56,79.19,37.57,0,0
2024-06-15T08:06:04,24.28,79.07,38.97,0,0
2024-06-15T08:06:05,21.19,73.55,33.88,0,0
2024-06-15T08:06:06,19.4,71.94,42.27,0,0
2024-06-15T08:06:07,18.92,75.58,29.55,0,0
2024-06-15T08:06:08,23.32,77.08,26.05,0,0
2024-06-15T08:06:09,23.5,78.07,32.32,0,0
2024-06-15T08:06:10,28.69,76.05,36.36,0,0
2024-06-15T08:06:11,21.78,76.4,42.61,0,0
2024-06-15T08:06:12,24.16,72.7,43.35,0,0
2024-06-15T08:06:13,16.35,74.72,34.77,0,0
2024-06-15T08:06:14,19.06,78.09,50.73,0,0
2024-06-15T08:06:15,24.44,72.27,39.47,0,0
2024-06-15T08:06:16,26.85,75.35,60.55,0,0
2024-06-15T08:06:17,23.57,75.48,39.53,0,0
2024-06-15T08:06:18,22.53,74.62,47.66,0,0
2024-06-15T08:06:19,25.83,73.04,31.35,0,0
2024-06-15T08:06:20,14.66,76.27,33.17,0,0
2024-06-15T08:06:21,13.39,75.97,61.94,0,0
2024-06-15T08:06:22,21.98,77.1,42.65,0,0
2024-06-15T08:06:23,21.6,77.3,39.68,0,0
2024-06-15T08:06:24,23.07,75.8,36.66,0,0
2024-06-15T08:06:25,25.97,74.56,35.95,0,0
2024-06-15T08:06:26,24.15,72.75,42.23,0,0
2024-06-15T08:06:27,21.96,77.71,45.8,0,0
2024-06-15T08:06:28,21.9,77.04,53.12,0,1
2024-06-15T08:06:29,24.69,74.8,36.23,0,1
2024-06-15T08:06:30,23.48,80.02,49.52,0,1
2024-06-15T08:06:31,25.63,82.05,51.68,0,1
2024-06-15T08:06:32,25.44,83.63,52.03,0,1
2024-06-15T08:06:33,23.07,85.49,44.93,0,1
2024-06-15T08:06:34,26.37,87.74,73.0,0,1
2024-06-15T08:06:35,33.82,84.4,58.06,0,1
2024-06-15T08:06:36,24.76,76.03,77.53,0,1
2024-06-15T08:06:37,30.35,95.99,61.49,0,1
2024-06-15T08:06:38,20.98,94.91,83.23,1,1
2024-06-15T08:06:39,31.28,98.28,88.64,0,1
2024-06-15T08:06:40,28.65,105.72,128.0,0,1
2024-06-15T08:06:41,30.37,94.25,117.78,0,1
2024-06-15T08:06:42,42.4,102.87,72.36,1,1
2024-06-15T08:06:43,36.82,99.95,125.42,0,1
2024-06-15T08:06:44,30.94,115.05,117.81,1,1
2024-06-15T08:06:45,26.31,111.4,141.31,0,1
2024-06-15T08:06:46,35.95,90.21,122.89,0,1
2024-06-15T08:06:47,42.64,91.13,190.6,0,1
2024-06-15T08:06:48,35.52,125.56,169.24,1,1
2024-06-15T08:06:49,36.56,132.34,101.96,1,1
2024-06-15T08:06:50,40.82,97.11,104.27,1,1
2024-06-15T08:06:51,37.07,106.2,187.08,1,1
2024-06-15T08:06:52,44.8,132.5,186.92,1,1
2024-06-15T08:06:53,47.93,146.51,223.87,0,1
2024-06-15T08:06:54,43.2,141.71,189.93,0,1
2024-06-15T08:06:55,44.75,117.5,180.68,1,1
2024-06-15T08:06:56,39.67,124.77,91.26,1,1
2024-06-15T08:06:57,55.95,103.12,145.05,0,1
2024-06-15T08:06:58,44.5,109.63,161.11,0,1
2024-06-15T08:06:59,36.6,151.41,101.72,0,1
2024-06-15T08:07:00,39.17,109.07,144.0,0,1
2024-06-15T08:07:01,53.31,163.19,189.93,1,1
2024-06-15T08:07:02,48.5,100.64,198.45,1,1
2024-06-15T08:07:03,43.15,151.23,207.49,0,1
2024-06-15T08:07:04,51.72,171.33,208.81,0,1
2024-06-15T08:07:05,57.24,170.54,204.16,1,1
2024-06-15T08:07:06,35.51,119.41,227.12,0,1
2024-06-15T08:07:07,41.74,159.37,287.56,0,1
2024-06-15T08:07:08,53.01,154.13,137.86,1,1
2024-06-15T08:07:09,44.15,101.12,297.55,1,1
2024-06-15T08:07:10,47.32,140.69,326.62,0,1
2024-06-15T08:07:11,62.34,148.72,230.61,0,1
2024-06-15T08:07:12,62.68,125.08,279.53,0,1
2024-06-15T08:07:13,58.63,206.43,116.55,1,1
2024-06-15T08:07:14,68.56,131.94,173.45,0,1
2024-06-15T08:07:15,62.61,112.74,258.53,1,1
2024-06-15T08:07:16,33.0,183.55,397.06,0,1
2024-06-15T08:07:17,43.0,157.3,186.72,1,1
2024-06-15T08:07:18,61.47,218.6,298.64,1,1
2024-06-15T08:07:19,42.97,133.79,186.41,0,1
2024-06-15T08:07:20,74.29,200.24,124.91,1,1
2024-06-15T08:07:21,47.22,167.96,285.57,1,1
2024-06-15T08:07:22,69.68,181.98,115.83,0,1
2024-06-15T08:07:23,57.72,121.83,382.47,0,1
2024-06-15T08:07:24,71.0,178.2,183.56,1,1
2024-06-15T08:07:25,59.08,243.1,393.45,1,1
2024-06-15T08:07:26,53.78,202.36,411.93,1,1
2024-06-15T08:07:27,97.29,145.66,306.53,1,1
2024-06-15T08:07:28,99.9,286.59,1507.49,1,1
2024-06-15T08:07:29,26.32,73.39,50.24,0,0
2024-06-15T08:07:30,20.66,73.99,34.36,0,0
2024-06-15T08:07:31,23.69,80.16,33.46,0,0
2024-06-15T08:07:32,22.1,78.53,41.36,0,0
2024-06-15T08:07:33,23.81,72.34,45.43,0,0
2024-06-15T08:07:34,21.25,77.46,51.5,0,0
2024-06-15T08:07:35,32.36,76.45,44.61,1,0
2024-06-15T08:07:36,22.78,74.12,44.71,0,0
2024-06-15T08:07:37,20.82,75.42,52.54,0,0
2024-06-15T08:07:38,17.97,77.85,52.54,0,0
2024-06-15T08:07:39,21.53,69.7,37.14,0,0
2024-06-15T08:07:40,27.19,74.94,34.01,0,0
2024-06-15T08:07:41,19.98,77.1,46.37,0,0
2024-06-15T08:07:42,21.04,74.08,38.87,0,0
2024-06-15T08:07:43,18.31,79.04,39.42,0,0
2024-06-15T08:07:44,26.87,78.8,49.99,1,0
2024-06-15T08:07:45,20.27,76.01,41.81,0,0
2024-06-15T08:07:46,18.39,75.81,32.57,0,0
2024-06-15T08:07:47,26.75,73.84,43.61,0,0
2024-06-15T08:07:48,23.13,74.35,46.69,0,0
2024-06-15T08:07:49,20.1,77.18,31.23,0,0
2024-06-15T08:07:50,22.51,79.85,34.0,0,0
2024-06-15T08:07:51,19.29,76.28,43.44,0,0
2024-06-15T08:07:52,23.4,76.22,47.08,0,0
2024-06-15T08:07:53,26.44,76.02,40.07,0,0
2024-06-15T08:07:54,24.69,79.75,40.94,0,0
2024-06-15T08:07:55,18.1,77.77,41.04,0,0
2024-06-15T08:07:56,13.31,77.12,37.72,0,0
2024-06-15T08:07:57,21.64,75.83,43.52,0,0
2024-06-15T08:07:58,24.84,73.91,46.1,0,0
2024-06-15T08:07:59,20.96,76.85,46.92,0,0
2024-06-15T08:08:00,18.26,77.71,37.71,0,0
2024-06-15T08:08:01,25.23,75.92,56.71,0,0
2024-06-15T08:08:02,21.11,74.13,41.84,0,0
2024-06-15T08:08:03,20.79,77.0,29.07,0,0
2024-06-15T08:08:04,17.79,72.33,49.6,0,0
2024-06-15T08:08:05,28.84,74.74,40.65,0,0
2024-06-15T08:08:06,22.28,77.9,34.58,0,0
2024-06-15T08:08:07,22.95,77.44,46.01,0,0
2024-06-15T08:08:08,22.76,77.5,20.37,0,0
2024-06-15T08:08:09,24.71,73.36,27.35,0,0
2024-06-15T08:08:10,24.04,78.43,40.9,0,0
2024-06-15T08:08:11,25.81,79.03,52.52,0,0
2024-06-15T08:08:12,28.56,76.86,42.6,0,0
2024-06-15T08:08:13,15.59,74.38,35.25,0,0
2024-06-15T08:08:14,30.68,74.56,42.99,0,0
2024-06-15T08:08:15,24.21,75.11,55.56,0,0
2024-06-15T08:08:16,19.51,75.49,36.06,0,0
2024-06-15T08:08:17,16.72,73.47,41.7,0,0
2024-06-15T08:08:18,20.28,73.27,30.75,0,0
2024-06-15T08:08:19,21.67,71.24,48.08,0,0
2024-06-15T08:08:20,22.33,71.36,39.53,0,0
2024-06-15T08:08:21,18.99,75.8,52.72,0,0
2024-06-15T08:08:22,14.5,75.29,40.72,0,0
2024-06-15T08:08:23,24.69,75.53,35.98,1,0
2024-06-15T08:08:24,20.72,73.01,50.61,0,0
2024-06-15T08:08:25,22.09,79.75,41.51,0,0
2024-06-15T08:08:26,19.17,71.22,27.57,0,0
2024-06-15T08:08:27,15.66,75.67,46.07,0,0
2024-06-15T08:08:28,15.68,77.24,38.14,0,0
2024-06-15T08:08:29,22.59,79.03,49.17,0,0
2024-06-15T08:08:30,20.93,72.77,24.79,0,0
2024-06-15T08:08:31,19.12,74.47,34.1,0,0
2024-06-15T08:08:32,21.47,75.19,40.2,0,0
2024-06-15T08:08:33,19.4,75.42,45.54,0,0
2024-06-15T08:08:34,17.64,78.53,41.21,0,0
2024-06-15T08:08:35,22.08,76.77,43.87,0,0
2024-06-15T08:08:36,25.81,75.72,37.1,0,0
2024-06-15T08:08:37,23.45,72.14,42.87,0,0
2024-06-15T08:08:38,21.87,74.48,40.97,0,0
2024-06-15T08:08:39,14.47,73.63,42.74,0,0
2024-06-15T08:08:40,22.64,72.43,52.13,0,0
2024-06-15T08:08:41,18.54,77.42,45.42,0,0
2024-06-15T08:08:42,19.42,79.44,32.45,0,0
2024-06-15T08:08:43,25.68,77.5,36.64,0,0
2024-06-15T08:08:44,27.57,74.37,44.31,0,0
2024-06-15T08:08:45,23.04,74.66,48.49,0,0
2024-06-15T08:08:46,25.17,70.63,52.43,0,0
2024-06-15T08:08:47,15.35,77.58,51.01,0,0
2024-06-15T08:08:48,17.64,73.97,33.15,0,0
2024-06-15T08:08:49,21.14,74.23,48.24,0,0
2024-06-15T08:08:50,27.24,78.49,37.5,0,0
2024-06-15T08:08:51,21.16,70.79,35.55,0,0
2024-06-15T08:08:52,25.86,79.04,32.13,0,0
2024-06-15T08:08:53,19.63,74.93,44.24,0,0
2024-06-15T08:08:54,18.76,76.06,38.21,0,0
2024-06-15T08:08:55,21.94,76.37,42.05,0,0
2024-06-15T08:08:56,20.25,74.73,41.29,0,0
2024-06-15T08:08:57,20.52,74.35,54.79,0,0
2024-06-15T08:08:58,24.24,74.26,47.58,0,0
2024-06-15T08:08:59,20.66,77.93,44.96,0,0
2024-06-15T08:09:00,21.57,76.12,29.43,0,0
2024-06-15T08:09:01,17.49,72.02,43.14,0,0
2024-06-15T08:09:02,28.93,80.58,47.1,0,0
2024-06-15T08:09:03,24.0,70.5,37.66,0,0
2024-06-15T08:09:04,18.85,73.45,40.65,0,0
2024-06-15T08:09:05,20.11,70.05,47.98,0,0
2024-06-15T08:09:06,17.71,75.6,58.59,0,0
2024-06-15T08:09:07,18.32,68.67,39.71,0,0
2024-06-15T08:09:08,26.4,79.9,32.16,0,0
2024-06-15T08:09:09,23.99,73.84,41.15,0,0
2024-06-15T08:09:10,32.58,71.24,44.03,1,0
2024-06-15T08:09:11,23.87,77.71,42.78,0,0
2024-06-15T08:09:12,23.23,74.02,44.15,0,0
2024-06-15T08:09:13,20.63,76.55,39.04,0,0
2024-06-15T08:09:14,23.51,74.93,51.01,0,0
2024-06-15T08:09:15,21.79,70.57,52.1,0,0
2024-06-15T08:09:16,18.38,73.37,37.23,0,0
2024-06-15T08:09:17,27.5,69.66,67.1,0,0
2024-06-15T08:09:18,26.22,75.56,41.56,0,0
2024-06-15T08:09:19,23.14,76.3,47.16,0,0
2024-06-15T08:09:20,24.22,75.22,40.42,0,0
2024-06-15T08:09:21,21.39,74.51,51.07,0,0
2024-06-15T08:09:22,24.37,67.65,47.25,0,0
2024-06-15T08:09:23,22.78,74.95,38.89,0,0
2024-06-15T08:09:24,26.5,77.37,35.82,0,0
2024-06-15T08:09:25,23.63,72.57,30.96,0,0
2024-06-15T08:09:26,19.49,77.16,49.63,0,0
2024-06-15T08:09:27,24.05,76.81,46.13,0,0
2024-06-15T08:09:28,19.43,76.08,48.4,0,0
2024-06-15T08:09:29,25.02,77.97,47.67,0,0
2024-06-15T08:09:30,23.41,77.68,41.79,0,0
2024-06-15T08:09:31,18.47,74.59,36.04,0,0
2024-06-15T08:09:32,19.3,74.64,35.66,0,0
2024-06-15T08:09:33,20.77,70.27,43.71,0,0
2024-06-15T08:09:34,22.0,72.96,47.27,0,0
2024-06-15T08:09:35,25.75,70.98,35.9,0,0
2024-06-15T08:09:36,18.92,72.65,48.64,0,0
2024-06-15T08:09:37,21.22,74.34,25.97,0,0
2024-06-15T08:09:38,24.54,71.9,42.48,0,0
2024-06-15T08:09:39,23.11,78.4,31.53,0,0
2024-06-15T08:09:40,9.92,75.46,56.4,0,0
2024-06-15T08:09:41,26.96,75.52,38.07,0,0
2024-06-15T08:09:42,25.23,72.57,45.81,1,0
2024-06-15T08:09:43,24.02,77.65,64.08,0,0
2024-06-15T08:09:44,23.57,73.73,41.8,0,0
2024-06-15T08:09:45,14.92,73.26,38.73,0,0
2024-06-15T08:09:46,19.9,75.38,35.42,0,0
2024-06-15T08:09:47,26.48,75.0,41.93,0,0
2024-06-15T08:09:48,20.69,75.39,48.6,0,0
2024-06-15T08:09:49,18.53,73.35,39.57,0,0
2024-06-15T08:09:50,16.62,72.95,38.19,0,0
2024-06-15T08:09:51,25.5,75.66,43.55,0,0
2024-06-15T08:09:52,25.4,74.66,45.12,0,0
2024-06-15T08:09:53,21.59,75.66,37.34,0,0
2024-06-15T08:09:54,12.24,74.66,53.38,0,0
2024-06-15T08:09:55,25.7,77.41,51.89,0,0
2024-06-15T08:09:56,22.35,75.49,37.06,0,0
2024-06-15T08:09:57,20.74,76.54,51.63,0,0
2024-06-15T08:09:58,21.44,73.87,42.0,0,0
2024-06-15T08:09:59,24.4,71.39,23.63,0,0
2024-06-15T08:10:00,19.8,71.95,37.93,0,0
2024-06-15T08:10:01,21.41,73.87,53.62,0,0
2024-06-15T08:10:02,23.31,75.75,46.98,0,0
2024-06-15T08:10:03,17.44,77.6,41.39,0,0
2024-06-15T08:10:04,24.68,72.32,29.57,0,0
2024-06-15T08:10:05,25.27,75.94,34.78,0,0
2024-06-15T08:10:06,18.52,77.81,32.48,0,0
2024-06-15T08:10:07,28.57,72.75,47.11,0,0
2024-06-15T08:10:08,20.69,76.51,37.65,0,0
2024-06-15T08:10:09,21.35,75.1,33.98,0,0
2024-06-15T08:10:10,24.96,73.72,40.17,0,0
2024-06-15T08:10:11,18.02,68.59,40.47,0,0
2024-06-15T08:10:12,31.65,76.96,41.85,0,0
2024-06-15T08:10:13,20.95,75.06,46.38,0,0
2024-06-15T08:10:14,17.28,77.79,47.72,0,1
2024-06-15T08:10:15,25.47,75.11,46.68,0,1
2024-06-15T08:10:16,23.24,81.6,42.73,0,1
2024-06-15T08:10:17,18.3,81.46,57.02,0,1
2024-06-15T08:10:18,23.41,82.5,69.18,0,1
2024-06-15T08:10:19,30.98,83.94,56.03,0,1
2024-06-15T08:10:20,25.31,80.26,90.26,0,1
2024-06-15T08:10:21,30.29,80.67,78.86,1,1
2024-06-15T08:10:22,28.17,82.66,67.83,0,1
2024-06-15T08:10:23,31.19,89.4,66.18,0,1
2024-06-15T08:10:24,39.64,92.41,87.52,0,1
2024-06-15T08:10:25,26.37,92.36,70.19,1,1
2024-06-15T08:10:26,28.78,101.09,50.62,0,1
2024-06-15T08:10:27,30.91,108.12,132.45,1,1
2024-06-15T08:10:28,33.99,107.85,76.89,0,1
2024-06-15T08:10:29,31.83,108.26,142.78,1,1
2024-06-15T08:10:30,30.85,117.33,125.24,0,1
2024-06-15T08:10:31,31.83,105.02,127.13,0,1
2024-06-15T08:10:32,39.99,87.27,156.43,0,1
2024-06-15T08:10:33,38.75,125.02,165.92,1,1
2024-06-15T08:10:34,30.39,107.59,144.17,0,1
2024-06-15T08:10:35,46.77,92.21,130.74,0,1
2024-06-15T08:10:36,35.94,121.16,142.28,0,1
2024-06-15T08:10:37,39.33,136.3,214.57,0,1
2024-06-15T08:10:38,39.2,104.77,160.47,0,1
2024-06-15T08:10:39,52.71,102.37,78.09,0,1
2024-06-15T08:10:40,28.17,134.91,203.8,1,1
2024-06-15T08:10:41,50.63,124.58,128.41,0,1
2024-06-15T08:10:42,31.65,120.68,172.33,1,1
2024-06-15T08:10:43,38.01,108.1,72.74,1,1
2024-06-15T08:10:44,45.67,113.33,147.51,0,1
2024-06-15T08:10:45,40.52,124.66,260.39,1,1
2024-06-15T08:10:46,34.62,140.55,238.55,0,1
2024-06-15T08:10:47,52.51,171.52,90.08,1,1
2024-06-15T08:10:48,55.97,102.04,203.49,1,1
2024-06-15T08:10:49,54.36,160.14,240.4,0,1
2024-06-15T08:10:50,53.21,175.87,152.68,1,1
2024-06-15T08:10:51,47.93,127.3,318.92,0,1
2024-06-15T08:10:52,63.58,146.28,185.5,1,1
2024-06-15T08:10:53,64.04,137.11,95.78,1,1
2024-06-15T08:10:54,47.17,191.03,115.2,0,1
2024-06-15T08:10:55,64.96,124.03,299.25,1,1
2024-06-15T08:10:56,39.01,191.14,268.4,1,1
2024-06-15T08:10:57,54.38,159.41,326.35,1,1
2024-06-15T08:10:58,47.86,140.93,255.03,1,1
2024-06-15T08:10:59,54.52,115.22,312.55,0,1
2024-06-15T08:11:00,40.76,141.53,362.31,0,1
2024-06-15T08:11:01,66.34,131.62,235.09,0,1
2024-06-15T08:11:02,54.17,217.45,118.27,0,1
2024-06-15T08:11:03,70.3,117.3,229.91,1,1
2024-06-15T08:11:04,59.65,141.75,157.21,0,1
2024-06-15T08:11:05,49.31,182.79,413.58,1,1
2024-06-15T08:11:06,61.55,185.78,314.91,1,1
2024-06-15T08:11:07,64.55,152.0,209.38,0,1
2024-06-15T08:11:08,55.87,185.71,351.89,1,1
2024-06-15T08:11:09,46.84,184.31,214.74,1,1
2024-06-15T08:11:10,54.66,200.05,463.05,1,1
2024-06-15T08:11:11,72.85,232.47,269.43,0,1
2024-06-15T08:11:12,69.08,142.4,388.72,0,1
2024-06-15T08:11:13,52.65,149.42,203.22,1,1
2024-06-15T08:11:14,84.84,445.3,1664.34,1,1
2024-06-15T08:11:15,19.14,76.25,45.78,0,0
2024-06-15T08:11:16,22.3,76.86,45.86,0,0
2024-06-15T08:11:17,17.05,77.17,49.1,0,0
2024-06-15T08:11:18,18.95,75.09,47.47,0,0
2024-06-15T08:11:19,21.16,77.68,60.91,0,0
2024-06-15T08:11:20,18.86,71.55,44.43,0,0
2024-06-15T08:11:21,24.89,74.42,53.63,0,0
2024-06-15T08:11:22,16.65,76.73,37.15,0,0
2024-06-15T08:11:23,28.88,79.98,35.87,0,0
2024-06-15T08:11:24,19.8,77.15,38.9,0,0
2024-06-15T08:11:25,21.82,75.06,26.64,0,0
2024-06-15T08:11:26,21.94,73.28,38.06,0,0
2024-06-15T08:11:27,27.77,71.86,48.51,1,0
2024-06-15T08:11:28,20.88,74.3,48.32,0,0
2024-06-15T08:11:29,23.36,76.43,49.75,0,0
2024-06-15T08:11:30,20.67,73.47,33.32,0,0
2024-06-15T08:11:31,18.7,82.37,51.96,0,0
2024-06-15T08:11:32,16.6,71.69,45.85,0,0
2024-06-15T08:11:33,24.19,76.37,39.96,0,0
2024-06-15T08:11:34,21.5,75.82,42.69,0,0
2024-06-15T08:11:35,13.12,74.43,35.19,0,0
2024-06-15T08:11:36,22.7,82.46,44.94,0,0
2024-06-15T08:11:37,20.75,77.3,45.86,0,0
2024-06-15T08:11:38,23.68,76.52,58.45,0,0
2024-06-15T08:11:39,17.48,76.18,34.59,0,0
2024-06-15T08:11:40,24.22,72.7,38.66,0,0
2024-06-15T08:11:41,20.82,77.44,49.35,0,0
2024-06-15T08:11:42,17.02,75.14,36.32,0,0
2024-06-15T08:11:43,16.97,74.46,39.53,0,0
2024-06-15T08:11:44,31.71,76.08,30.98,0,0
2024-06-15T08:11:45,19.74,77.55,58.71,0,0
2024-06-15T08:11:46,15.66,70.3,56.97,0,0
2024-06-15T08:11:47,23.56,72.83,46.28,0,0
2024-06-15T08:11:48,11.46,75.01,44.62,0,0
2024-06-15T08:11:49,25.7,72.47,42.69,0,0
2024-06-15T08:11:50,18.3,75.64,34.84,0,0
2024-06-15T08:11:51,20.37,72.51,47.21,0,0
2024-06-15T08:11:52,25.43,74.41,42.31,0,0
2024-06-15T08:11:53,16.21,74.25,41.6,0,0
2024-06-15T08:11:54,32.48,72.22,53.71,0,0
2024-06-15T08:11:55,25.99,75.7,56.07,0,0
2024-06-15T08:11:56,23.49,75.97,41.58,0,0
2024-06-15T08:11:57,26.89,77.74,36.99,0,0
2024-06-15T08:11:58,16.72,74.49,35.6,0,0
2024-06-15T08:11:59,21.75,78.09,38.34,0,0
2024-06-15T08:12:00,21.83,75.15,48.79,0,0
2024-06-15T08:12:01,13.01,73.48,43.69,0,0
2024-06-15T08:12:02,26.8,73.77,26.99,0,0
2024-06-15T08:12:03,24.48,73.41,32.48,0,0
2024-06-15T08:12:04,19.5,74.54,37.16,0,0
2024-06-15T08:12:05,13.18,77.24,52.2,0,0
2024-06-15T08:12:06,24.61,72.16,40.39,0,0
2024-06-15T08:12:07,21.97,76.5,47.35,0,0
2024-06-15T08:12:08,19.06,75.2,45.66,0,0
2024-06-15T08:12:09,27.82,76.76,48.31,0,0
2024-06-15T08:12:10,22.34,78.53,45.28,0,0
2024-06-15T08:12:11,18.56,78.51,47.58,0,0
2024-06-15T08:12:12,20.23,73.8,44.37,0,0
2024-06-15T08:12:13,23.85,75.49,44.49,0,0
2024-06-15T08:12:14,28.8,77.68,43.53,0,0
2024-06-15T08:12:15,25.77,72.42,45.18,0,0
2024-06-15T08:12:16,29.24,74.45,35.22,0,0
2024-06-15T08:12:17,19.39,72.28,35.72,0,0
2024-06-15T08:12:18,20.52,71.49,42.12,0,0
2024-06-15T08:12:19,25.61,72.73,54.15,0,0
2024-06-15T08:12:20,24.04,77.58,36.74,0,0
2024-06-15T08:12:21,25.42,72.27,49.12,0,0
2024-06-15T08:12:22,22.69,76.38,32.6,0,0
2024-06-15T08:12:23,18.42,76.49,34.41,0,0
2024-06-15T08:12:24,23.85,71.58,48.79,0,0
2024-06-15T08:12:25,17.07,76.38,47.01,0,0
2024-06-15T08:12:26,19.21,76.46,44.08,0,0
2024-06-15T08:12:27,19.84,72.48,26.3,0,0
2024-06-15T08:12:28,23.4,71.09,42.76,0,0
2024-06-15T08:12:29,20.95,76.7,39.58,0,0
2024-06-15T08:12:30,20.68,76.83,44.68,0,0
2024-06-15T08:12:31,23.26,76.17,29.72,0,0
2024-06-15T08:12:32,25.03,76.53,33.87,0,0
2024-06-15T08:12:33,21.02,74.9,40.92,0,0
2024-06-15T08:12:34,23.34,78.58,50.65,0,0
2024-06-15T08:12:35,16.75,76.56,52.63,0,0
2024-06-15T08:12:36,23.55,77.73,58.1,0,0
2024-06-15T08:12:37,26.09,75.62,50.36,0,0
2024-06-15T08:12:38,22.58,75.06,39.19,0,0
2024-06-15T08:12:39,28.25,72.95,54.26,0,0
2024-06-15T08:12:40,24.0,71.5,44.94,0,0
2024-06-15T08:12:41,13.6,76.56,49.08,1,0
2024-06-15T08:12:42,19.63,75.31,57.63,0,0
2024-06-15T08:12:43,19.98,72.35,53.85,0,0
2024-06-15T08:12:44,29.85,75.01,50.09,0,0
2024-06-15T08:12:45,27.37,73.14,38.12,0,0
2024-06-15T08:12:46,26.92,79.21,46.5,0,0
2024-06-15T08:12:47,18.48,79.97,37.75,0,0
2024-06-15T08:12:48,20.66,75.86,54.43,0,0
2024-06-15T08:12:49,25.42,76.04,45.71,0,0
2024-06-15T08:12:50,22.17,76.4,21.76,0,0
2024-06-15T08:12:51,20.81,75.6,32.79,1,0
2024-06-15T08:12:52,23.55,74.49,56.04,0,0
2024-06-15T08:12:53,28.29,73.84,40.79,0,0
2024-06-15T08:12:54,21.7,73.87,43.56,0,0
2024-06-15T08:12:55,18.97,72.17,46.98,0,0
2024-06-15T08:12:56,24.52,72.99,49.16,0,0
2024-06-15T08:12:57,19.47,75.63,48.56,0,0
2024-06-15T08:12:58,21.87,76.14,37.87,0,0
2024-06-15T08:12:59,21.21,74.49,36.03,0,0
2024-06-15T08:13:00,21.29,71.13,38.07,0,0
2024-06-15T08:13:01,20.86,74.36,40.07,0,0
2024-06-15T08:13:02,21.75,76.2,49.0,0,0
2024-06-15T08:13:03,19.4,71.99,33.66,0,0
2024-06-15T08:13:04,20.05,74.12,35.84,0,0
2024-06-15T08:13:05,16.82,73.86,43.45,0,0
2024-06-15T08:13:06,24.38,73.61,38.7,0,0
2024-06-15T08:13:07,18.29,74.92,35.21,0,0
2024-06-15T08:13:08,24.29,70.54,39.12,0,0
2024-06-15T08:13:09,23.2,75.46,63.54,0,0
2024-06-15T08:13:10,23.4,72.49,41.24,0,0
2024-06-15T08:13:11,14.9,74.8,35.34,0,0
2024-06-15T08:13:12,25.66,73.63,41.07,0,0
2024-06-15T08:13:13,19.46,79.35,39.43,0,0
2024-06-15T08:13:14,29.33,77.04,45.86,0,0
2024-06-15T08:13:15,23.47,75.98,26.58,0,0
2024-06-15T08:13:16,20.88,77.11,41.61,0,0
2024-06-15T08:13:17,16.38,74.87,55.63,0,0
2024-06-15T08:13:18,26.99,74.84,49.61,0,0
2024-06-15T08:13:19,20.53,70.74,34.6,0,0
2024-06-15T08:13:20,28.25,74.32,40.05,1,0
2024-06-15T08:13:21,20.8,79.76,55.01,0,0
2024-06-15T08:13:22,30.88,74.6,44.36,0,0
2024-06-15T08:13:23,15.93,78.69,32.66,0,0
2024-06-15T08:13:24,22.87,72.26,37.29,0,0
2024-06-15T08:13:25,18.65,73.48,37.69,0,0
2024-06-15T08:13:26,19.81,77.08,33.16,0,0
2024-06-15T08:13:27,22.88,78.04,37.89,0,0
2024-06-15T08:13:28,19.13,74.42,51.44,0,0
2024-06-15T08:13:29,22.78,73.67,45.87,0,0
2024-06-15T08:13:30,17.59,76.7,45.27,0,0
2024-06-15T08:13:31,20.77,72.9,34.91,0,0
2024-06-15T08:13:32,24.14,78.07,36.9,0,0
2024-06-15T08:13:33,23.83,69.78,37.32,0,0
2024-06-15T08:13:34,21.88,72.73,34.51,0,0
2024-06-15T08:13:35,19.33,75.73,40.5,0,0
2024-06-15T08:13:36,13.05,69.7,37.15,0,0
2024-06-15T08:13:37,23.83,68.13,38.0,0,0
2024-06-15T08:13:38,19.9,78.47,38.92,1,0
2024-06-15T08:13:39,23.53,75.35,24.96,0,0
2024-06-15T08:13:40,25.07,75.54,46.07,0,0
2024-06-15T08:13:41,37.7,69.79,55.8,0,0
2024-06-15T08:13:42,20.85,75.72,41.64,0,0
2024-06-15T08:13:43,20.3,73.58,44.64,0,0
2024-06-15T08:13:44,15.93,76.88,38.67,0,0
2024-06-15T08:13:45,17.48,73.87,52.06,0,0
2024-06-15T08:13:46,19.86,75.9,36.15,0,0
2024-06-15T08:13:47,25.03,76.71,56.79,0,0
2024-06-15T08:13:48,21.3,76.67,42.78,0,0
2024-06-15T08:13:49,27.18,73.2,47.96,0,0
2024-06-15T08:13:50,21.22,74.84,42.73,0,0
2024-06-15T08:13:51,23.01,74.71,43.72,1,0
2024-06-15T08:13:52,28.31,77.46,48.95,0,0
2024-06-15T08:13:53,20.18,72.78,49.64,0,0
2024-06-15T08:13:54,25.5,78.68,37.17,0,0
2024-06-15T08:13:55,21.08,70.9,38.86,0,0
2024-06-15T08:13:56,25.99,73.83,47.12,0,0
2024-06-15T08:13:57,21.24,75.81,32.82,0,0
2024-06-15T08:13:58,22.34,67.52,40.5,1,0
2024-06-15T08:13:59,15.48,78.01,48.22,1,0
2024-06-15T08:14:00,23.87,78.8,34.41,0,0
2024-06-15T08:14:01,28.99,77.33,40.11,0,0
2024-06-15T08:14:02,26.54,72.23,35.4,0,0
2024-06-15T08:14:03,19.57,73.68,33.55,0,0
2024-06-15T08:14:04,26.89,74.35,44.82,0,0
2024-06-15T08:14:05,19.72,70.45,44.16,0,0
2024-06-15T08:14:06,14.35,74.83,31.05,0,0
2024-06-15T08:14:07,29.95,77.28,42.85,0,0
2024-06-15T08:14:08,27.05,72.88,46.35,0,0
2024-06-15T08:14:09,22.8,75.66,52.18,0,0
2024-06-15T08:14:10,24.93,75.72,28.76,0,0
2024-06-15T08:14:11,18.16,74.69,42.75,0,0
2024-06-15T08:14:12,17.48,81.03,54.13,0,0
2024-06-15T08:14:13,24.41,75.18,40.3,0,0
2024-06-15T08:14:14,18.19,75.19,44.06,0,0
2024-06-15T08:14:15,17.03,75.84,40.76,0,0
2024-06-15T08:14:16,14.37,72.85,38.69,0,0
2024-06-15T08:14:17,29.55,76.39,31.32,0,0
2024-06-15T08:14:18,23.94,71.13,50.66,0,0
2024-06-15T08:14:19,20.12,74.77,52.61,0,0
2024-06-15T08:14:20,16.85,71.51,37.33,0,0
2024-06-15T08:14:21,26.15,71.2,19.34,0,0
2024-06-15T08:14:22,20.2,76.38,51.6,0,0
2024-06-15T08:14:23,20.15,73.97,51.23,0,0
2024-06-15T08:14:24,14.52,74.03,43.52,0,0
2024-06-15T08:14:25,23.8,73.73,42.28,0,0
2024-06-15T08:14:26,12.05,73.35,45.63,0,0
2024-06-15T08:14:27,18.07,75.15,45.57,0,0
2024-06-15T08:14:28,20.63,75.43,34.3,0,0
2024-06-15T08:14:29,21.17,76.53,43.26,0,0
2024-06-15T08:14:30,19.65,75.56,47.72,0,0
2024-06-15T08:14:31,13.8,77.9,39.31,0,0
2024-06-15T08:14:32,23.7,77.99,31.03,0,0
2024-06-15T08:14:33,19.16,74.28,35.73,0,0
2024-06-15T08:14:34,28.94,72.86,37.56,0,0
2024-06-15T08:14:35,22.82,71.99,38.83,0,0
2024-06-15T08:14:36,23.27,74.17,41.25,0,0
2024-06-15T08:14:37,19.88,71.21,44.57,0,0
2024-06-15T08:14:38,29.02,75.05,43.8,0,0
2024-06-15T08:14:39,24.77,71.83,55.62,0,0
2024-06-15T08:14:40,22.81,79.08,36.14,0,0
2024-06-15T08:14:41,29.27,76.94,46.42,0,0
2024-06-15T08:14:42,22.94,74.38,51.6,0,0
2024-06-15T08:14:43,22.56,70.08,33.06,0,0
2024-06-15T08:14:44,21.26,75.77,41.55,0,0
2024-06-15T08:14:45,26.88,70.12,43.15,0,0
2024-06-15T08:14:46,14.73,76.9,41.24,0,0
2024-06-15T08:14:47,23.68,72.84,52.24,0,0
2024-06-15T08:14:48,26.17,76.46,40.96,0,0
2024-06-15T08:14:49,24.32,73.23,48.84,0,0
2024-06-15T08:14:50,28.6,77.68,36.16,0,0
2024-06-15T08:14:51,23.45,71.77,46.58,0,0
2024-06-15T08:14:52,23.8,70.33,32.71,0,0
2024-06-15T08:14:53,20.87,74.25,32.32,0,0
2024-06-15T08:14:54,23.56,75.63,40.45,0,0
2024-06-15T08:14:55,18.98,77.62,55.24,0,0
2024-06-15T08:14:56,20.07,73.47,45.93,0,0
2024-06-15T08:14:57,20.57,74.65,47.92,0,0
2024-06-15T08:14:58,14.36,78.3,42.58,0,0
2024-06-15T08:14:59,20.35,74.78,41.7,0,0
2024-06-15T08:15:00,15.08,78.74,42.33,0,0
2024-06-15T08:15:01,23.77,77.38,33.83,0,0
2024-06-15T08:15:02,23.89,74.33,48.77,0,0
2024-06-15T08:15:03,13.49,74.75,37.18,0,0
2024-06-15T08:15:04,23.73,76.18,36.34,0,1
2024-06-15T08:15:05,20.15,70.9,39.76,0,1
2024-06-15T08:15:06,11.91,76.15,43.41,0,1
2024-06-15T08:15:07,17.03,79.57,56.68,0,1
2024-06-15T08:15:08,19.14,76.94,61.41,0,1
2024-06-15T08:15:09,25.58,89.98,67.18,0,1
2024-06-15T08:15:10,23.18,88.68,63.17,0,1
2024-06-15T08:15:11,23.64,90.78,76.35,1,1
2024-06-15T08:15:12,25.17,87.97,82.88,0,1
2024-06-15T08:15:13,35.63,84.65,99.45,0,1
2024-06-15T08:15:14,30.17,95.74,104.88,0,1
2024-06-15T08:15:15,30.14,106.21,57.85,0,1
2024-06-15T08:15:16,35.36,101.02,117.98,0,1
2024-06-15T08:15:17,25.1,102.68,92.09,1,1
2024-06-15T08:15:18,25.67,88.19,82.94,1,1
2024-06-15T08:15:19,31.48,113.38,96.18,0,1
2024-06-15T08:15:20,31.93,88.62,85.5,0,1
2024-06-15T08:15:21,25.81,108.27,80.79,1,1
2024-06-15T08:15:22,40.3,104.87,75.18,0,1
2024-06-15T08:15:23,37.99,128.82,108.59,0,1
2024-06-15T08:15:24,41.4,128.51,168.2,1,1
2024-06-15T08:15:25,36.56,106.45,79.43,0,1
2024-06-15T08:15:26,36.35,88.72,179.7,0,1
2024-06-15T08:15:27,45.86,111.64,81.79,0,1
2024-06-15T08:15:28,44.59,136.29,89.77,1,1
2024-06-15T08:15:29,29.14,119.94,200.49,1,1
2024-06-15T08:15:30,42.67,116.77,167.12,0,1
2024-06-15T08:15:31,35.08,109.37,89.33,0,1
2024-06-15T08:15:32,45.44,107.42,159.08,0,1
2024-06-15T08:15:33,41.53,106.36,202.9,0,1
2024-06-15T08:15:34,50.44,153.54,183.3,1,1
2024-06-15T08:15:35,43.02,99.39,149.24,0,1
2024-06-15T08:15:36,46.36,165.74,103.1,0,1
2024-06-15T08:15:37,49.33,110.01,92.47,1,1
2024-06-15T08:15:38,51.41,160.47,83.66,1,1
2024-06-15T08:15:39,43.5,128.4,220.95,1,1
2024-06-15T08:15:40,54.55,116.39,256.98,1,1
2024-06-15T08:15:41,54.53,96.41,169.85,1,1
2024-06-15T08:15:42,52.89,143.68,181.56,1,1
2024-06-15T08:15:43,69.97,135.93,101.09,0,1
2024-06-15T08:15:44,65.59,138.51,186.5,0,1
2024-06-15T08:15:45,59.31,139.7,192.67,1,1
2024-06-15T08:15:46,59.45,200.05,261.82,1,1
2024-06-15T08:15:47,57.3,150.06,184.64,1,1
2024-06-15T08:15:48,45.34,107.93,254.59,1,1
2024-06-15T08:15:49,55.15,143.77,326.88,0,1
2024-06-15T08:15:50,50.06,137.67,150.92,1,1
2024-06-15T08:15:51,60.8,114.62,367.79,1,1
2024-06-15T08:15:52,70.54,198.47,206.18,1,1
2024-06-15T08:15:53,42.12,155.42,256.83,0,1
2024-06-15T08:15:54,72.55,219.54,113.69,0,1
2024-06-15T08:15:55,55.93,159.87,319.28,1,1
2024-06-15T08:15:56,54.75,135.55,259.98,1,1
2024-06-15T08:15:57,57.39,210.05,303.62,1,1
2024-06-15T08:15:58,61.19,234.45,297.92,1,1
2024-06-15T08:15:59,73.24,181.66,182.07,1,1
2024-06-15T08:16:00,54.38,197.89,145.46,0,1
2024-06-15T08:16:01,59.11,136.86,252.25,0,1
2024-06-15T08:16:02,60.46,225.83,147.88,0,1
2024-06-15T08:16:03,57.59,191.52,326.68,1,1
2024-06-15T08:16:04,99.9,314.32,826.91,1,1
2024-06-15T08:16:05,16.65,74.77,41.35,0,0
2024-06-15T08:16:06,22.21,72.35,36.26,0,0
2024-06-15T08:16:07,16.86,77.44,25.15,0,0
2024-06-15T08:16:08,26.61,78.47,39.58,0,0
2024-06-15T08:16:09,11.59,74.1,41.49,0,0
2024-06-15T08:16:10,17.96,73.71,54.24,0,0
2024-06-15T08:16:11,24.66,72.69,29.22,0,0
2024-06-15T08:16:12,20.69,74.47,45.97,0,0
2024-06-15T08:16:13,19.86,76.28,57.48,0,0
2024-06-15T08:16:14,25.26,74.88,40.53,0,0
2024-06-15T08:16:15,20.57,77.95,36.98,0,0
2024-06-15T08:16:16,22.18,75.13,37.99,0,0
2024-06-15T08:16:17,16.51,75.81,41.51,0,0
2024-06-15T08:16:18,24.0,73.67,51.77,0,0
2024-06-15T08:16:19,18.49,79.28,28.02,0,0
2024-06-15T08:16:20,23.74,76.19,35.64,0,0
2024-06-15T08:16:21,23.7,78.2,24.27,0,0
2024-06-15T08:16:22,24.01,68.77,34.27,0,0
2024-06-15T08:16:23,28.52,73.55,32.61,0,0
2024-06-15T08:16:24,21.21,80.17,27.35,0,0
2024-06-15T08:16:25,17.79,78.74,56.86,0,0
2024-06-15T08:16:26,21.59,71.9,58.77,0,0
2024-06-15T08:16:27,28.38,76.7,35.5,0,0
2024-06-15T08:16:28,21.8,74.6,44.65,0,0
2024-06-15T08:16:29,27.8,77.2,33.38,0,0
2024-06-15T08:16:30,27.51,75.78,47.5,0,0
2024-06-15T08:16:31,27.87,72.22,41.71,0,0
2024-06-15T08:16:32,19.87,71.08,44.77,0,0
2024-06-15T08:16:33,32.05,70.4,41.74,0,0
2024-06-15T08:16:34,24.56,75.31,41.09,0,0
2024-06-15T08:16:35,16.8,75.58,35.95,0,0
2024-06-15T08:16:36,13.24,77.99,49.67,0,0
2024-06-15T08:16:37,22.21,75.57,50.59,0,0
2024-06-15T08:16:38,22.9,77.26,39.62,0,0
2024-06-15T08:16:39,27.25,75.8,43.55,0,0
2024-06-15T08:16:40,16.92,75.72,35.34,0,0
2024-06-15T08:16:41,19.45,72.96,33.47,0,0
2024-06-15T08:16:42,30.5,78.33,57.36,0,0
2024-06-15T08:16:43,17.11,75.18,31.65,0,0
2024-06-15T08:16:44,19.22,72.7,51.92,0,0
2024-06-15T08:16:45,20.42,77.67,46.83,0,0
2024-06-15T08:16:46,31.21,71.3,52.07,0,0
2024-06-15T08:16:47,26.59,72.57,50.06,0,0
2024-06-15T08:16:48,23.34,74.43,35.41,0,0
2024-06-15T08:16:49,19.12,80.12,42.01,0,0
2024-06-15T08:16:50,25.13,73.02,35.76,0,0
2024-06-15T08:16:51,26.33,71.63,38.68,0,0
2024-06-15T08:16:52,22.14,75.28,40.57,0,0
2024-06-15T08:16:53,23.58,76.73,47.88,0,0
2024-06-15T08:16:54,18.06,74.29,51.56,0,0
2024-06-15T08:16:55,25.58,71.57,44.81,0,0
2024-06-15T08:16:56,14.09,75.12,57.18,0,0
2024-06-15T08:16:57,18.21,72.91,48.11,0,0
2024-06-15T08:16:58,15.83,73.42,46.77,0,0
2024-06-15T08:16:59,19.46,74.41,47.95,0,0
2024-06-15T08:17:00,23.69,75.67,39.29,0,0
2024-06-15T08:17:01,23.48,74.69,45.66,0,0
2024-06-15T08:17:02,20.01,74.54,34.08,0,0
2024-06-15T08:17:03,21.86,72.97,33.09,0,0
2024-06-15T08:17:04,23.03,75.53,48.26,0,0
2024-06-15T08:17:05,20.28,76.02,46.41,0,0
2024-06-15T08:17:06,23.78,72.94,43.19,0,0
2024-06-15T08:17:07,23.46,75.02,25.31,0,0
2024-06-15T08:17:08,22.64,80.53,39.12,0,0
2024-06-15T08:17:09,19.09,75.93,44.5,0,0
2024-06-15T08:17:10,26.77,71.86,47.85,0,0
2024-06-15T08:17:11,24.36,74.64,44.71,0,0
2024-06-15T08:17:12,26.12,77.18,32.86,0,0
2024-06-15T08:17:13,25.28,74.84,42.58,0,0
2024-06-15T08:17:14,22.29,74.62,51.53,0,0
2024-06-15T08:17:15,21.67,72.2,38.85,0,0
2024-06-15T08:17:16,22.71,78.07,46.82,0,0
2024-06-15T08:17:17,18.6,81.21,44.12,0,0
2024-06-15T08:17:18,27.1,74.62,46.27,0,0
2024-06-15T08:17:19,25.36,78.05,50.46,0,0
2024-06-15T08:17:20,25.49,74.21,37.43,0,0
2024-06-15T08:17:21,23.33,77.33,40.22,0,0
2024-06-15T08:17:22,26.26,78.63,34.67,0,0
2024-06-15T08:17:23,18.65,74.65,44.46,0,0
2024-06-15T08:17:24,19.9,78.38,45.39,0,0
2024-06-15T08:17:25,22.16,71.41,31.47,0,0
2024-06-15T08:17:26,23.12,69.67,50.1,0,0
2024-06-15T08:17:27,21.37,83.11,60.46,0,0
2024-06-15T08:17:28,21.27,74.73,49.96,0,0
2024-06-15T08:17:29,28.81,70.9,27.71,0,0
2024-06-15T08:17:30,19.51,76.46,45.97,0,0
2024-06-15T08:17:31,26.28,72.0,23.47,0,0
2024-06-15T08:17:32,25.43,72.93,25.85,0,0
2024-06-15T08:17:33,22.58,76.98,41.02,0,0
2024-06-15T08:17:34,20.17,74.6,39.04,0,0
2024-06-15T08:17:35,16.61,73.21,46.17,0,0
2024-06-15T08:17:36,23.29,75.42,34.04,0,0
2024-06-15T08:17:37,21.27,69.56,43.43,0,0
2024-06-15T08:17:38,27.72,71.31,37.31,0,0
2024-06-15T08:17:39,23.32,78.13,38.41,0,0
2024-06-15T08:17:40,19.23,70.08,42.83,0,0
2024-06-15T08:17:41,30.17,75.69,41.82,0,0
2024-06-15T08:17:42,23.29,74.97,35.5,0,0
2024-06-15T08:17:43,25.29,75.56,42.14,0,0
2024-06-15T08:17:44,18.1,78.26,47.32,0,0
2024-06-15T08:17:45,19.79,77.5,38.02,0,0
2024-06-15T08:17:46,18.87,73.1,27.83,1,0
2024-06-15T08:17:47,23.89,70.42,32.17,0,0
2024-06-15T08:17:48,13.7,74.78,40.8,0,0
2024-06-15T08:17:49,20.69,72.39,32.62,0,0
2024-06-15T08:17:50,23.86,73.62,44.53,0,0
2024-06-15T08:17:51,18.46,75.45,52.43,0,0
2024-06-15T08:17:52,24.34,73.97,44.06,0,0
2024-06-15T08:17:53,21.04,75.02,39.4,0,0
2024-06-15T08:17:54,21.34,75.53,34.05,0,0
2024-06-15T08:17:55,17.94,71.53,29.2,0,0
2024-06-15T08:17:56,17.13,75.4,34.86,0,0
2024-06-15T08:17:57,24.05,75.09,26.25,0,0
2024-06-15T08:17:58,24.62,77.03,34.05,0,0
2024-06-15T08:17:59,23.68,72.86,42.78,0,0
2024-06-15T08:18:00,16.94,70.52,38.94,0,0
2024-06-15T08:18:01,21.51,74.01,32.53,0,0
2024-06-15T08:18:02,20.4,75.67,41.64,0,0
2024-06-15T08:18:03,22.73,73.32,51.37,0,0
2024-06-15T08:18:04,17.3,76.22,51.46,0,0
2024-06-15T08:18:05,23.92,74.49,37.77,0,0
2024-06-15T08:18:06,26.14,71.44,34.24,0,0
2024-06-15T08:18:07,20.41,78.09,45.04,0,0
2024-06-15T08:18:08,18.13,74.22,37.09,0,0
2024-06-15T08:18:09,19.16,77.45,31.03,0,0
2024-06-15T08:18:10,28.44,77.07,50.73,0,0
2024-06-15T08:18:11,20.15,74.63,30.53,0,0
2024-06-15T08:18:12,19.9,76.23,52.37,0,0
2024-06-15T08:18:13,17.57,74.09,40.79,0,0
2024-06-15T08:18:14,16.42,76.48,36.21,0,0
2024-06-15T08:18:15,21.22,73.87,35.69,0,0
2024-06-15T08:18:16,21.97,74.46,39.03,0,0
2024-06-15T08:18:17,19.09,75.8,55.23,0,0
2024-06-15T08:18:18,22.56,77.49,30.88,0,0
2024-06-15T08:18:19,22.63,72.26,30.18,0,0
2024-06-15T08:18:20,19.04,77.98,49.6,0,0
2024-06-15T08:18:21,22.97,71.17,40.43,0,0
2024-06-15T08:18:22,23.21,75.44,27.25,0,0
2024-06-15T08:18:23,18.44,74.84,46.29,0,0
2024-06-15T08:18:24,13.22,74.59,43.14,0,0
2024-06-15T08:18:25,25.4,76.73,46.66,0,0
2024-06-15T08:18:26,18.8,70.23,38.86,0,0
2024-06-15T08:18:27,26.01,78.48,47.68,0,0
2024-06-15T08:18:28,23.72,75.95,37.55,0,0
2024-06-15T08:18:29,21.48,79.17,34.46,0,0
2024-06-15T08:18:30,28.46,74.19,52.6,0,0
2024-06-15T08:18:31,16.37,76.46,36.11,0,0
2024-06-15T08:18:32,16.34,75.55,50.08,0,0
2024-06-15T08:18:33,18.62,71.25,41.27,0,0
2024-06-15T08:18:34,21.65,76.37,49.6,0,0
2024-06-15T08:18:35,21.76,79.64,43.79,0,0
2024-06-15T08:18:36,20.61,70.97,39.9,0,0
2024-06-15T08:18:37,20.65,77.4,45.7,1,0
2024-06-15T08:18:38,17.28,75.43,47.37,0,0
2024-06-15T08:18:39,28.11,77.22,48.09,0,0
2024-06-15T08:18:40,22.24,75.97,52.0,0,0
2024-06-15T08:18:41,16.67,74.13,35.82,0,0
2024-06-15T08:18:42,23.52,78.08,37.22,0,0
2024-06-15T08:18:43,12.44,73.97,49.31,1,0
2024-06-15T08:18:44,24.15,76.07,39.76,0,0
2024-06-15T08:18:45,16.88,76.29,35.33,0,0
2024-06-15T08:18:46,30.74,76.43,37.35,0,0
2024-06-15T08:18:47,19.55,74.77,40.08,0,0
2024-06-15T08:18:48,26.47,75.47,36.15,0,0
2024-06-15T08:18:49,29.56,75.12,48.15,0,0
2024-06-15T08:18:50,19.57,75.91,44.49,0,0
2024-06-15T08:18:51,14.44,80.04,52.33,0,0
2024-06-15T08:18:52,20.41,72.24,44.78,0,0
2024-06-15T08:18:53,22.35,75.89,43.53,0,0
2024-06-15T08:18:54,24.02,78.62,46.54,0,0
2024-06-15T08:18:55,17.8,78.41,55.12,1,0
2024-06-15T08:18:56,34.61,72.19,43.94,0,0
2024-06-15T08:18:57,13.67,76.38,37.61,0,0
2024-06-15T08:18:58,29.69,73.06,28.49,0,0
2024-06-15T08:18:59,20.11,70.06,48.01,0,0
2024-06-15T08:19:00,13.74,75.07,25.38,0,0
2024-06-15T08:19:01,20.72,79.11,44.89,0,0
2024-06-15T08:19:02,18.55,74.92,42.14,0,0
2024-06-15T08:19:03,23.89,71.58,46.74,0,0
2024-06-15T08:19:04,11.18,73.43,38.09,0,0
2024-06-15T08:19:05,24.53,75.06,30.76,0,0
2024-06-15T08:19:06,18.06,75.5,41.37,0,0
2024-06-15T08:19:07,19.68,73.8,47.57,0,0
2024-06-15T08:19:08,19.93,74.78,59.36,0,0
2024-06-15T08:19:09,16.31,70.37,48.27,0,0
2024-06-15T08:19:10,19.29,74.2,35.75,0,0
2024-06-15T08:19:11,20.96,79.0,48.42,0,0
2024-06-15T08:19:12,25.45,71.46,32.79,1,0
2024-06-15T08:19:13,10.64,72.98,49.65,0,0
2024-06-15T08:19:14,24.07,74.45,41.82,0,0
2024-06-15T08:19:15,19.24,75.51,48.13,0,0
2024-06-15T08:19:16,15.54,75.75,49.46,0,0
2024-06-15T08:19:17,20.34,76.75,64.52,0,0
2024-06-15T08:19:18,21.58,75.98,36.1,0,0
2024-06-15T08:19:19,22.73,76.15,43.56,0,0
2024-06-15T08:19:20,17.92,75.52,53.7,0,0
2024-06-15T08:19:21,23.79,77.4,40.1,0,0
2024-06-15T08:19:22,25.0,75.7,34.39,0,0
2024-06-15T08:19:23,23.27,72.52,36.94,0,0
2024-06-15T08:19:24,22.76,75.74,32.49,0,0
2024-06-15T08:19:25,26.22,76.43,36.36,0,0
2024-06-15T08:19:26,15.85,74.64,38.43,0,0
2024-06-15T08:19:27,22.45,74.09,25.94,0,0
2024-06-15T08:19:28,20.45,74.24,47.07,0,0
2024-06-15T08:19:29,19.21,79.2,26.71,0,0
2024-06-15T08:19:30,27.24,74.44,48.88,0,0
2024-06-15T08:19:31,22.32,77.85,38.9,0,0
2024-06-15T08:19:32,17.61,78.55,41.09,0,0
2024-06-15T08:19:33,22.89,78.09,33.74,1,0
2024-06-15T08:19:34,24.38,73.53,40.94,0,0
2024-06-15T08:19:35,22.29,71.25,35.77,0,0
2024-06-15T08:19:36,27.4,77.22,41.5,0,0
2024-06-15T08:19:37,22.97,74.26,52.85,0,0
2024-06-15T08:19:38,21.2,75.58,51.17,0,0
2024-06-15T08:19:39,18.89,78.9,29.76,0,0
2024-06-15T08:19:40,28.52,74.07,40.06,0,0
2024-06-15T08:19:41,14.44,73.86,33.68,0,0
2024-06-15T08:19:42,19.57,74.66,49.66,0,0
2024-06-15T08:19:43,22.83,75.77,33.24,0,0
2024-06-15T08:19:44,18.48,79.5,36.12,0,0
2024-06-15T08:19:45,28.62,74.39,42.02,0,0
2024-06-15T08:19:46,26.28,78.18,41.11,0,1
2024-06-15T08:19:47,21.25,78.17,52.53,0,1
2024-06-15T08:19:48,17.69,70.14,58.42,0,1
2024-06-15T08:19:49,23.97,78.01,61.96,0,1
2024-06-15T08:19:50,28.36,81.26,49.31,0,1
2024-06-15T08:19:51,25.44,83.45,51.86,0,1
2024-06-15T08:19:52,29.11,81.88,72.43,0,1
2024-06-15T08:19:53,28.43,83.86,81.48,0,1
2024-06-15T08:19:54,26.66,79.47,84.1,1,1
2024-06-15T08:19:55,27.05,89.75,46.64,0,1
2024-06-15T08:19:56,30.93,91.41,120.33,0,1
2024-06-15T08:19:57,21.39,105.36,127.8,0,1
2024-06-15T08:19:58,17.23,92.24,89.92,0,1
2024-06-15T08:19:59,24.4,95.02,101.45,0,1
2024-06-15T08:20:00,33.43,112.38,87.53,0,1
2024-06-15T08:20:01,26.16,115.49,150.9,0,1
2024-06-15T08:20:02,36.67,124.22,106.55,0,1
2024-06-15T08:20:03,31.75,98.01,185.38,1,1
2024-06-15T08:20:04,36.0,119.14,112.2,0,1
2024-06-15T08:20:05,34.16,107.93,103.11,1,1
2024-06-15T08:20:06,43.76,103.43,180.19,0,1
2024-06-15T08:20:07,37.5,99.88,65.41,0,1
2024-06-15T08:20:08,40.2,139.48,94.2,0,1
2024-06-15T08:20:09,40.29,131.51,127.03,1,1
2024-06-15T08:20:10,35.54,142.92,223.79,1,1
2024-06-15T08:20:11,46.2,146.18,133.73,1,1
2024-06-15T08:20:12,46.76,90.48,75.6,0,1
2024-06-15T08:20:13,42.65,120.0,121.63,0,1
2024-06-15T08:20:14,39.57,128.92,248.58,0,1
2024-06-15T08:20:15,49.38,137.38,87.62,0,1
2024-06-15T08:20:16,36.89,154.38,99.69,0,1
2024-06-15T08:20:17,41.84,105.0,275.21,1,1
2024-06-15T08:20:18,46.34,110.34,118.37,0,1
2024-06-15T08:20:19,41.04,129.36,159.8,1,1
2024-06-15T08:20:20,39.69,139.63,248.82,0,1
2024-06-15T08:20:21,43.12,154.71,157.03,0,1
2024-06-15T08:20:22,45.52,156.4,259.95,0,1
2024-06-15T08:20:23,44.24,140.54,252.5,0,1
2024-06-15T08:20:24,44.52,164.11,231.87,0,1
2024-06-15T08:20:25,47.73,153.22,293.67,1,1
2024-06-15T08:20:26,52.67,150.15,166.63,1,1
2024-06-15T08:20:27,48.02,127.07,203.22,0,1
2024-06-15T08:20:28,63.74,180.03,129.33,1,1
2024-06-15T08:20:29,55.17,171.11,224.44,0,1
2024-06-15T08:20:30,50.99,134.46,243.28,0,1
2024-06-15T08:20:31,65.49,123.16,124.77,1,1
2024-06-15T08:20:32,58.3,199.66,283.29,1,1
2024-06-15T08:20:33,50.54,208.73,276.64,1,1
2024-06-15T08:20:34,52.86,180.63,209.52,0,1
2024-06-15T08:20:35,41.09,188.12,325.19,1,1
2024-06-15T08:20:36,66.46,225.64,382.78,1,1
2024-06-15T08:20:37,56.96,205.99,330.05,0,1
2024-06-15T08:20:38,73.18,187.3,202.8,0,1
2024-06-15T08:20:39,68.46,152.99,269.2,1,1
2024-06-15T08:20:40,59.63,148.06,165.75,1,1
2024-06-15T08:20:41,70.62,222.47,418.34,1,1
2024-06-15T08:20:42,68.87,138.73,263.97,0,1
2024-06-15T08:20:43,50.82,127.33,425.63,1,1
2024-06-15T08:20:44,69.5,127.73,374.47,0,1
2024-06-15T08:20:45,50.94,136.51,144.09,1,1
2024-06-15T08:20:46,91.6,260.32,1550.75,1,1
2024-06-15T08:20:47,23.15,77.97,56.79,0,0
2024-06-15T08:20:48,25.37,77.91,37.36,0,0
2024-06-15T08:20:49,17.37,77.13,45.34,0,0
2024-06-15T08:20:50,22.43,75.97,44.59,0,0
2024-06-15T08:20:51,27.14,78.24,46.35,0,0
2024-06-15T08:20:52,25.38,76.29,38.31,0,0
2024-06-15T08:20:53,25.03,71.51,50.43,0,0
2024-06-15T08:20:54,17.22,75.71,35.24,0,0
2024-06-15T08:20:55,24.21,74.92,29.24,0,0
2024-06-15T08:20:56,23.68,73.56,49.05,0,0
2024-06-15T08:20:57,22.01,75.99,34.34,0,0
2024-06-15T08:20:58,19.64,73.85,48.85,0,0
2024-06-15T08:20:59,28.71,72.99,50.61,0,0
2024-06-15T08:21:00,13.32,72.01,34.33,0,0
2024-06-15T08:21:01,16.59,71.04,45.3,0,0
2024-06-15T08:21:02,21.14,75.95,47.52,0,0
2024-06-15T08:21:03,23.06,76.64,41.44,0,0
2024-06-15T08:21:04,17.25,77.64,37.29,0,0
2024-06-15T08:21:05,18.26,74.56,34.7,0,0
2024-06-15T08:21:06,20.33,75.86,44.79,0,0
2024-06-15T08:21:07,18.41,73.78,50.59,0,0
2024-06-15T08:21:08,23.99,80.19,51.44,0,0
2024-06-15T08:21:09,26.58,71.53,48.11,0,0
2024-06-15T08:21:10,21.79,73.62,43.34,0,0
2024-06-15T08:21:11,25.78,76.25,34.97,0,0
2024-06-15T08:21:12,24.97,73.41,43.73,0,0
2024-06-15T08:21:13,20.79,74.45,48.13,0,0
2024-06-15T08:21:14,17.84,79.86,27.43,0,0
2024-06-15T08:21:15,19.61,75.93,46.67,0,0
2024-06-15T08:21:16,21.6,74.86,45.28,0,0
2024-06-15T08:21:17,21.08,78.48,48.71,0,0
2024-06-15T08:21:18,25.49,72.58,41.36,0,0
2024-06-15T08:21:19,20.8,72.49,44.88,0,0
2024-06-15T08:21:20,19.85,76.64,33.44,0,0
2024-06-15T08:21:21,28.88,72.76,43.75,0,0
2024-06-15T08:21:22,25.17,73.57,48.82,0,0
2024-06-15T08:21:23,17.08,78.63,42.11,0,0
2024-06-15T08:21:24,19.61,74.25,48.47,0,0
2024-06-15T08:21:25,19.66,73.13,40.23,0,0
2024-06-15T08:21:26,17.29,79.55,37.47,0,0
2024-06-15T08:21:27,25.33,75.52,34.12,0,0
2024-06-15T08:21:28,21.98,76.96,40.49,0,0
2024-06-15T08:21:29,26.77,77.55,49.35,0,0
2024-06-15T08:21:30,20.16,72.3,37.09,0,0
2024-06-15T08:21:31,22.78,76.36,24.63,1,0
2024-06-15T08:21:32,21.97,75.4,39.78,0,0
2024-06-15T08:21:33,27.17,76.05,52.48,0,0
2024-06-15T08:21:34,21.14,77.34,55.08,0,0
2024-06-15T08:21:35,27.25,72.27,39.97,0,0
2024-06-15T08:21:36,20.62,76.22,47.49,0,0
2024-06-15T08:21:37,18.64,75.17,25.84,0,0
2024-06-15T08:21:38,27.77,73.72,42.45,0,0
2024-06-15T08:21:39,20.76,77.87,19.3,0,0
2024-06-15T08:21:40,21.93,74.74,38.37,0,0
2024-06-15T08:21:41,28.9,72.78,48.17,0,0
2024-06-15T08:21:42,23.43,78.15,36.66,0,0
2024-06-15T08:21:43,19.07,77.74,45.4,0,0
2024-06-15T08:21:44,15.82,73.65,45.09,0,0
2024-06-15T08:21:45,25.35,73.3,18.69,0,0
2024-06-15T08:21:46,24.09,71.95,25.86,0,0
2024-06-15T08:21:47,10.67,77.03,43.03,0,0
2024-06-15T08:21:48,21.1,78.47,47.1,0,0
2024-06-15T08:21:49,28.47,71.52,41.72,0,0
2024-06-15T08:21:50,15.53,74.43,40.01,0,0
2024-06-15T08:21:51,24.51,75.11,46.99,0,0
2024-06-15T08:21:52,24.81,80.39,39.48,0,0
2024-06-15T08:21:53,18.24,75.62,35.58,0,0
2024-06-15T08:21:54,27.93,74.29,37.48,0,0
2024-06-15T08:21:55,20.11,76.8,40.74,0,0
2024-06-15T08:21:56,19.43,79.16,35.15,0,0
2024-06-15T08:21:57,22.14,76.63,28.95,0,0
2024-06-15T08:21:58,23.92,72.36,48.58,0,0
2024-06-15T08:21:59,18.15,76.73,50.85,0,0
2024-06-15T08:22:00,25.45,75.63,40.15,0,0
2024-06-15T08:22:01,19.69,78.68,36.4,0,0
2024-06-15T08:22:02,17.85,76.66,35.63,0,0
2024-06-15T08:22:03,18.2,71.39,38.14,0,0
2024-06-15T08:22:04,21.67,75.61,49.61,0,0
2024-06-15T08:22:05,24.11,74.52,40.41,0,0
2024-06-15T08:22:06,24.04,78.18,43.01,0,0
2024-06-15T08:22:07,20.12,72.52,30.44,0,0
2024-06-15T08:22:08,24.67,76.44,46.62,0,0
2024-06-15T08:22:09,21.49,78.52,38.13,0,0
2024-06-15T08:22:10,25.82,74.9,37.13,0,0
2024-06-15T08:22:11,24.37,76.02,44.86,0,0
2024-06-15T08:22:12,22.33,74.91,61.11,0,0
2024-06-15T08:22:13,26.74,76.81,42.89,0,0
2024-06-15T08:22:14,26.03,76.29,42.21,0,0
2024-06-15T08:22:15,20.79,74.8,16.64,0,0
2024-06-15T08:22:16,22.84,73.78,54.74,0,0
2024-06-15T08:22:17,22.08,72.03,41.6,0,0
2024-06-15T08:22:18,17.82,76.18,44.33,0,0
2024-06-15T08:22:19,25.83,73.02,42.27,0,0
2024-06-15T08:22:20,16.54,76.75,46.15,1,0
2024-06-15T08:22:21,23.98,75.0,45.32,0,0
2024-06-15T08:22:22,28.42,74.29,43.11,0,0
2024-06-15T08:22:23,17.66,72.83,42.78,0,0
2024-06-15T08:22:24,26.42,74.36,40.11,0,0
2024-06-15T08:22:25,20.37,73.66,44.36,0,0
2024-06-15T08:22:26,16.01,78.2,36.68,0,0
2024-06-15T08:22:27,24.89,71.83,47.35,0,0
2024-06-15T08:22:28,24.69,75.96,34.04,0,0
2024-06-15T08:22:29,23.0,72.04,39.98,0,0
2024-06-15T08:22:30,26.12,76.99,42.12,0,0
2024-06-15T08:22:31,18.1,76.61,42.16,0,0
2024-06-15T08:22:32,12.72,76.96,41.81,0,0
2024-06-15T08:22:33,26.81,72.26,16.59,0,0
2024-06-15T08:22:34,23.12,75.73,28.47,0,0
2024-06-15T08:22:35,18.09,81.89,39.56,0,0
2024-06-15T08:22:36,24.92,73.37,25.28,0,0
2024-06-15T08:22:37,21.32,74.34,38.8,0,0
2024-06-15T08:22:38,21.54,75.66,40.8,0,0
2024-06-15T08:22:39,16.94,76.22,26.41,0,0
2024-06-15T08:22:40,13.8,76.85,46.06,0,0
2024-06-15T08:22:41,21.77,71.51,36.34,0,0
2024-06-15T08:22:42,20.95,71.01,36.09,0,0
2024-06-15T08:22:43,24.61,78.57,38.64,0,0
2024-06-15T08:22:44,25.03,70.21,47.28,0,0
2024-06-15T08:22:45,18.78,75.77,40.02,0,0
2024-06-15T08:22:46,27.28,72.81,47.02,0,0
2024-06-15T08:22:47,20.88,74.6,40.53,0,0
2024-06-15T08:22:48,18.62,74.96,41.5,0,0
2024-06-15T08:22:49,22.96,75.21,48.38,0,0
2024-06-15T08:22:50,25.69,72.37,48.95,0,0
2024-06-15T08:22:51,17.25,76.47,46.96,0,0
2024-06-15T08:22:52,14.35,75.23,38.25,0,0
2024-06-15T08:22:53,18.96,78.38,36.77,0,0
2024-06-15T08:22:54,18.77,75.19,47.48,0,0
2024-06-15T08:22:55,21.43,77.92,46.25,0,0
2024-06-15T08:22:56,13.29,73.68,37.51,0,0
2024-06-15T08:22:57,23.92,68.44,62.39,0,0
2024-06-15T08:22:58,24.12,75.37,51.45,0,0
2024-06-15T08:22:59,31.37,77.18,49.59,0,0
2024-06-15T08:23:00,22.52,74.65,38.19,0,0
2024-06-15T08:23:01,18.7,73.28,31.2,0,0
2024-06-15T08:23:02,21.7,70.79,43.53,0,0
2024-06-15T08:23:03,21.85,75.37,37.82,0,0
2024-06-15T08:23:04,34.31,78.4,32.04,0,0
2024-06-15T08:23:05,22.93,73.48,33.88,0,0
2024-06-15T08:23:06,16.64,76.08,36.55,0,0
2024-06-15T08:23:07,25.87,77.48,52.99,0,0
2024-06-15T08:23:08,18.59,76.19,47.06,0,0
2024-06-15T08:23:09,20.1,73.07,54.88,0,0
2024-06-15T08:23:10,22.91,76.59,35.42,0,0
2024-06-15T08:23:11,17.12,73.58,41.01,0,0
2024-06-15T08:23:12,17.74,74.98,28.49,0,0
2024-06-15T08:23:13,17.52,76.68,46.83,0,0
2024-06-15T08:23:14,20.43,72.46,33.78,0,0
2024-06-15T08:23:15,20.51,76.61,49.43,0,0
2024-06-15T08:23:16,20.01,72.12,44.14,0,0
2024-06-15T08:23:17,18.71,73.7,52.6,0,0
2024-06-15T08:23:18,25.31,75.39,31.82,0,0
2024-06-15T08:23:19,22.85,77.66,38.99,0,0
2024-06-15T08:23:20,27.4,78.23,55.31,0,0
2024-06-15T08:23:21,23.22,76.47,53.31,0,0
2024-06-15T08:23:22,23.79,73.75,38.41,0,0
2024-06-15T08:23:23,22.95,71.77,40.85,0,0
2024-06-15T08:23:24,26.39,69.52,54.28,1,0
2024-06-15T08:23:25,26.49,73.85,46.35,0,0
2024-06-15T08:23:26,22.01,78.07,49.86,0,0
2024-06-15T08:23:27,16.4,76.47,40.35,0,0
2024-06-15T08:23:28,22.33,73.18,55.99,0,0
2024-06-15T08:23:29,26.16,73.15,31.32,0,0
2024-06-15T08:23:30,20.46,76.09,43.92,0,0
2024-06-15T08:23:31,27.01,76.97,49.76,0,0
2024-06-15T08:23:32,23.31,71.53,40.43,0,0
2024-06-15T08:23:33,26.24,74.87,46.02,0,0
2024-06-15T08:23:34,20.73,72.43,41.01,0,0
2024-06-15T08:23:35,23.24,73.36,40.11,0,0
2024-06-15T08:23:36,18.24,77.8,39.64,0,0
2024-06-15T08:23:37,27.81,78.82,41.35,0,0
2024-06-15T08:23:38,17.97,69.79,30.22,1,0
2024-06-15T08:23:39,16.5,78.45,42.93,0,0
2024-06-15T08:23:40,23.56,69.45,32.42,0,0
2024-06-15T08:23:41,25.55,75.72,40.82,1,0
2024-06-15T08:23:42,24.26,79.09,40.23,0,0
2024-06-15T08:23:43,22.28,75.48,61.14,0,0
2024-06-15T08:23:44,13.6,76.71,41.08,0,0
2024-06-15T08:23:45,24.27,73.36,41.61,0,0
2024-06-15T08:23:46,24.85,82.78,48.46,0,0
2024-06-15T08:23:47,18.61,73.94,38.37,0,0
2024-06-15T08:23:48,14.82,74.17,47.86,0,0
2024-06-15T08:23:49,16.9,77.62,45.9,0,0
2024-06-15T08:23:50,19.06,74.65,54.79,0,0
2024-06-15T08:23:51,24.93,75.02,40.1,0,0
2024-06-15T08:23:52,22.31,73.72,25.16,0,0
2024-06-15T08:23:53,30.17,75.39,45.19,0,0
2024-06-15T08:23:54,21.77,73.16,40.51,0,0
2024-06-15T08:23:55,15.6,80.69,32.12,0,0
2024-06-15T08:23:56,17.87,73.9,52.3,0,0
2024-06-15T08:23:57,22.06,71.91,52.03,0,0
2024-06-15T08:23:58,24.92,76.35,47.73,0,0
2024-06-15T08:23:59,31.58,80.46,36.51,0,0
2024-06-15T08:24:00,28.5,75.96,45.99,0,0
2024-06-15T08:24:01,15.23,74.57,35.5,0,0
2024-06-15T08:24:02,25.31,77.68,25.4,0,0
2024-06-15T08:24:03,21.91,77.8,40.51,0,0
2024-06-15T08:24:04,24.92,75.88,44.73,0,0
2024-06-15T08:24:05,20.91,71.96,33.03,0,0
2024-06-15T08:24:06,24.84,75.05,40.89,0,0
2024-06-15T08:24:07,20.3,74.24,50.38,0,0
2024-06-15T08:24:08,20.66,71.65,47.95,0,0
2024-06-15T08:24:09,21.18,75.08,54.86,0,0
2024-06-15T08:24:10,21.92,75.72,32.57,0,0
2024-06-15T08:24:11,21.12,76.52,29.56,0,0
2024-06-15T08:24:12,22.8,75.25,42.33,0,0
2024-06-15T08:24:13,26.15,75.84,53.82,0,0
2024-06-15T08:24:14,18.03,75.34,42.68,0,0
2024-06-15T08:24:15,17.72,77.39,60.6,0,0
2024-06-15T08:24:16,21.93,76.26,42.68,0,0
2024-06-15T08:24:17,19.15,70.45,36.35,0,0
2024-06-15T08:24:18,16.43,79.26,41.08,0,0
2024-06-15T08:24:19,20.62,77.22,33.03,0,0
2024-06-15T08:24:20,18.93,75.17,50.23,0,0
2024-06-15T08:24:21,24.01,75.62,42.62,0,0
2024-06-15T08:24:22,23.6,75.5,33.76,0,0
2024-06-15T08:24:23,22.18,72.32,42.65,0,1
2024-06-15T08:24:24,25.47,77.04,35.31,0,1
2024-06-15T08:24:25,16.53,73.49,45.76,0,1
2024-06-15T08:24:26,20.67,79.12,60.54,0,1
2024-06-15T08:24:27,22.63,84.42,49.41,0,1
2024-06-15T08:24:28,26.94,89.26,71.41,0,1
2024-06-15T08:24:29,33.4,79.89,47.19,0,1
2024-06-15T08:24:30,27.42,97.44,53.26,1,1
2024-06-15T08:24:31,33.7,96.6,73.67,0,1
2024-06-15T08:24:32,21.38,93.79,81.59,0,1
2024-06-15T08:24:33,21.37,93.38,82.41,0,1
2024-06-15T08:24:34,27.29,89.82,72.89,0,1
2024-06-15T08:24:35,27.88,96.14,114.01,1,1
2024-06-15T08:24:36,34.19,110.98,128.54,1,1
2024-06-15T08:24:37,28.5,96.81,103.01,0,1
2024-06-15T08:24:38,35.88,114.81,80.07,0,1
2024-06-15T08:24:39,32.4,106.55,111.89,0,1
2024-06-15T08:24:40,23.57,94.53,121.79,0,1
2024-06-15T08:24:41,45.49,118.65,96.7,0,1
2024-06-15T08:24:42,35.73,94.29,115.19,1,1
2024-06-15T08:24:43,31.93,103.68,159.71,0,1
2024-06-15T08:24:44,34.81,126.21,132.06,0,1
2024-06-15T08:24:45,51.14,116.32,92.54,1,1
2024-06-15T08:24:46,51.63,103.92,130.69,1,1
2024-06-15T08:24:47,39.25,141.49,124.84,0,1
2024-06-15T08:24:48,35.57,97.85,108.78,0,1
2024-06-15T08:24:49,36.83,133.55,236.11,0,1
2024-06-15T08:24:50,32.54,117.7,207.22,0,1
2024-06-15T08:24:51,45.88,124.8,198.3,1,1
2024-06-15T08:24:52,36.45,118.61,152.47,0,1
2024-06-15T08:24:53,45.93,108.3,207.88,0,1
2024-06-15T08:24:54,43.37,157.57,146.25,0,1
2024-06-15T08:24:55,48.32,122.87,178.96,0,1
2024-06-15T08:24:56,61.93,164.4,176.59,1,1
2024-06-15T08:24:57,37.47,120.45,242.44,1,1
2024-06-15T08:24:58,46.31,173.27,260.82,1,1
2024-06-15T08:24:59,56.78,124.17,123.97,0,1
2024-06-15T08:25:00,61.29,141.09,319.66,0,1
2024-06-15T08:25:01,59.12,135.21,161.76,1,1
2024-06-15T08:25:02,45.87,193.27,172.79,0,1
2024-06-15T08:25:03,42.31,126.35,286.92,1,1
2024-06-15T08:25:04,64.6,162.42,132.36,0,1
2024-06-15T08:25:05,58.81,143.18,349.73,1,1
2024-06-15T08:25:06,48.34,175.62,336.25,1,1
2024-06-15T08:25:07,50.23,135.91,218.09,1,1
2024-06-15T08:25:08,55.16,106.1,127.65,0,1
2024-06-15T08:25:09,53.28,191.02,301.12,0,1
2024-06-15T08:25:10,35.86,105.7,343.82,1,1
2024-06-15T08:25:11,46.67,208.7,359.87,1,1
2024-06-15T08:25:12,73.34,136.91,355.99,1,1
2024-06-15T08:25:13,65.45,154.12,390.93,1,1
2024-06-15T08:25:14,64.4,125.76,411.24,0,1
2024-06-15T08:25:15,60.31,115.04,166.62,1,1
2024-06-15T08:25:16,70.85,115.53,413.41,1,1
2024-06-15T08:25:17,57.64,128.9,308.99,1,1
2024-06-15T08:25:18,57.41,222.99,264.43,1,1
2024-06-15T08:25:19,71.14,145.72,377.43,1,1
2024-06-15T08:25:20,78.62,137.9,249.38,1,1
2024-06-15T08:25:21,63.76,235.65,442.44,1,1
2024-06-15T08:25:22,53.75,113.52,343.09,1,1
2024-06-15T08:25:23,99.9,295.11,978.9,1,1
2024-06-15T08:25:24,18.6,73.65,48.05,0,0
2024-06-15T08:25:25,21.11,71.63,56.15,0,0
2024-06-15T08:25:26,23.28,71.48,38.47,0,0
2024-06-15T08:25:27,22.44,79.26,33.14,0,0
2024-06-15T08:25:28,25.9,78.5,36.97,0,0
2024-06-15T08:25:29,20.89,72.41,40.37,0,0
2024-06-15T08:25:30,21.85,76.65,50.72,0,0
2024-06-15T08:25:31,19.01,70.08,41.83,0,0
2024-06-15T08:25:32,23.17,75.62,39.39,0,0
2024-06-15T08:25:33,22.5,78.79,45.05,0,0
2024-06-15T08:25:34,20.51,73.75,40.64,0,0
2024-06-15T08:25:35,28.55,74.54,41.84,0,0
2024-06-15T08:25:36,20.07,77.75,57.68,0,0
2024-06-15T08:25:37,23.8,75.21,42.29,0,0
2024-06-15T08:25:38,12.46,76.86,43.07,0,0
2024-06-15T08:25:39,23.71,73.22,38.92,0,0
2024-06-15T08:25:40,20.36,77.55,38.97,0,0
2024-06-15T08:25:41,30.33,76.08,31.79,0,0
2024-06-15T08:25:42,21.49,73.37,24.44,0,0
2024-06-15T08:25:43,28.4,76.76,46.27,0,0
2024-06-15T08:25:44,22.66,71.54,38.13,0,0
2024-06-15T08:25:45,25.37,72.37,21.75,0,0
2024-06-15T08:25:46,21.09,74.65,43.08,0,0
2024-06-15T08:25:47,24.91,76.59,44.07,0,0
2024-06-15T08:25:48,26.78,71.2,46.04,0,0
2024-06-15T08:25:49,24.51,71.9,29.98,0,0
2024-06-15T08:25:50,19.02,73.35,48.03,0,0
2024-06-15T08:25:51,19.54,72.86,37.11,0,0
2024-06-15T08:25:52,26.47,75.03,40.57,0,0
2024-06-15T08:25:53,21.56,78.23,36.01,0,0
2024-06-15T08:25:54,27.26,75.53,40.72,0,0
2024-06-15T08:25:55,32.0,72.36,39.17,0,0
2024-06-15T08:25:56,17.07,77.38,55.51,0,0
2024-06-15T08:25:57,28.68,78.06,40.42,0,0
2024-06-15T08:25:58,20.54,70.82,58.29,0,0
2024-06-15T08:25:59,23.88,73.77,52.62,0,0
2024-06-15T08:26:00,18.11,76.02,40.62,0,0
2024-06-15T08:26:01,24.55,74.84,30.39,1,0
2024-06-15T08:26:02,22.3,77.62,41.77,0,0
2024-06-15T08:26:03,25.1,72.39,41.79,0,0
2024-06-15T08:26:04,19.5,76.87,42.25,0,0
2024-06-15T08:26:05,24.76,77.72,47.53,0,0
2024-06-15T08:26:06,23.09,72.5,41.98,0,0
2024-06-15T08:26:07,19.87,74.14,39.0,0,0
2024-06-15T08:26:08,18.08,70.11,36.65,0,0
2024-06-15T08:26:09,22.77,71.63,42.13,0,0
2024-06-15T08:26:10,29.6,77.56,55.15,0,0
2024-06-15T08:26:11,23.56,77.92,36.21,0,0
2024-06-15T08:26:12,19.42,68.15,51.49,0,0
2024-06-15T08:26:13,28.16,73.62,39.97,0,0
2024-06-15T08:26:14,18.98,75.96,51.0,0,0
2024-06-15T08:26:15,15.03,76.02,39.79,0,0
2024-06-15T08:26:16,22.45,76.15,40.49,0,0
2024-06-15T08:26:17,21.59,74.47,49.76,0,0
2024-06-15T08:26:18,23.68,75.55,31.83,0,0
2024-06-15T08:26:19,20.49,77.25,42.3,0,0
2024-06-15T08:26:20,24.64,79.42,50.31,0,0
2024-06-15T08:26:21,22.37,73.72,21.57,0,0
2024-06-15T08:26:22,21.33,74.18,45.12,0,0
2024-06-15T08:26:23,21.38,74.2,27.76,1,0
2024-06-15T08:26:24,18.24,76.19,55.73,1,0
2024-06-15T08:26:25,21.61,75.82,49.62,0,0
2024-06-15T08:26:26,18.76,75.92,36.08,0,0
2024-06-15T08:26:27,25.46,75.38,44.39,0,0
2024-06-15T08:26:28,18.87,76.77,58.68,0,0
2024-06-15T08:26:29,17.97,74.15,43.85,0,0
2024-06-15T08:26:30,25.15,73.6,19.34,0,0
2024-06-15T08:26:31,27.44,76.9,28.06,0,0
2024-06-15T08:26:32,19.57,78.92,53.58,0,0
2024-06-15T08:26:33,25.75,74.56,42.66,0,0
2024-06-15T08:26:34,21.48,77.82,34.99,0,0
2024-06-15T08:26:35,18.78,77.53,41.65,0,0
2024-06-15T08:26:36,27.51,73.32,41.56,0,0
2024-06-15T08:26:37,18.31,75.02,30.17,0,0
2024-06-15T08:26:38,20.05,71.41,47.55,0,0
2024-06-15T08:26:39,24.87,70.67,52.67,0,0
2024-06-15T08:26:40,31.99,75.12,36.87,1,0
2024-06-15T08:26:41,33.3,71.7,42.16,0,0
2024-06-15T08:26:42,22.72,78.36,44.88,0,0
2024-06-15T08:26:43,20.01,72.62,39.27,1,0
2024-06-15T08:26:44,17.97,75.12,37.49,0,0
2024-06-15T08:26:45,16.02,78.14,38.02,0,0
2024-06-15T08:26:46,16.93,74.58,42.55,0,0
2024-06-15T08:26:47,15.01,75.83,33.62,0,0
2024-06-15T08:26:48,28.84,76.31,38.8,0,0
2024-06-15T08:26:49,19.02,74.74,46.9,0,0
2024-06-15T08:26:50,21.9,74.46,42.47,0,0
2024-06-15T08:26:51,19.58,74.14,25.31,0,0
2024-06-15T08:26:52,25.89,75.75,35.81,0,0
2024-06-15T08:26:53,29.59,75.22,33.71,0,0
2024-06-15T08:26:54,25.43,76.0,45.16,0,0
2024-06-15T08:26:55,20.3,76.13,39.91,0,0
2024-06-15T08:26:56,24.22,70.24,38.53,0,0
2024-06-15T08:26:57,28.89,73.08,37.17,0,0
2024-06-15T08:26:58,20.21,71.96,24.33,0,0
2024-06-15T08:26:59,21.08,75.34,41.58,0,0
2024-06-15T08:27:00,21.42,75.11,50.18,0,0
2024-06-15T08:27:01,21.24,73.56,39.75,0,0
2024-06-15T08:27:02,24.32,78.53,36.97,0,0
2024-06-15T08:27:03,22.4,75.85,34.06,0,0
2024-06-15T08:27:04,22.08,71.34,27.85,0,0
2024-06-15T08:27:05,23.47,74.04,43.62,0,0
2024-06-15T08:27:06,21.93,72.56,41.64,0,0
2024-06-15T08:27:07,17.07,78.48,31.15,0,0
2024-06-15T08:27:08,21.22,72.39,46.56,0,0
2024-06-15T08:27:09,20.67,73.7,48.83,0,0
2024-06-15T08:27:10,22.12,76.29,34.15,0,0
2024-06-15T08:27:11,16.38,75.27,39.45,0,0
2024-06-15T08:27:12,24.51,74.8,43.64,0,0
2024-06-15T08:27:13,15.51,79.72,40.69,0,0
2024-06-15T08:27:14,24.79,72.91,44.46,0,0
2024-06-15T08:27:15,16.79,76.13,39.15,0,0
2024-06-15T08:27:16,22.12,76.74,32.14,0,0
2024-06-15T08:27:17,19.26,76.14,58.79,0,0
2024-06-15T08:27:18,21.45,76.48,41.14,0,0
2024-06-15T08:27:19,29.77,70.63,42.76,0,0
2024-06-15T08:27:20,15.5,68.73,44.38,0,0
2024-06-15T08:27:21,22.56,74.29,41.15,0,0
2024-06-15T08:27:22,34.39,74.35,46.08,0,0
2024-06-15T08:27:23,19.4,75.74,40.09,0,0
2024-06-15T08:27:24,20.36,79.55,51.42,0,0
2024-06-15T08:27:25,22.55,69.24,39.11,0,0
2024-06-15T08:27:26,32.81,74.42,50.83,0,0
2024-06-15T08:27:27,27.77,75.55,35.27,0,0
2024-06-15T08:27:28,12.26,76.71,35.48,0,0
2024-06-15T08:27:29,22.7,71.88,39.88,0,0
2024-06-15T08:27:30,22.13,75.67,33.08,0,0
2024-06-15T08:27:31,26.79,73.51,28.6,0,0
2024-06-15T08:27:32,21.56,75.09,43.28,0,0
2024-06-15T08:27:33,27.45,74.41,41.04,0,0
2024-06-15T08:27:34,17.59,77.05,43.47,0,0
2024-06-15T08:27:35,20.32,70.24,53.56,0,0
2024-06-15T08:27:36,17.09,73.52,44.87,0,0
2024-06-15T08:27:37,17.21,71.27,25.01,0,0
2024-06-15T08:27:38,24.88,73.64,65.42,0,0
2024-06-15T08:27:39,18.02,72.7,37.48,0,0
2024-06-15T08:27:40,22.97,73.82,46.9,0,0
2024-06-15T08:27:41,18.09,71.55,27.61,0,0
2024-06-15T08:27:42,13.11,73.7,39.59,0,0
2024-06-15T08:27:43,19.47,78.11,51.82,0,0
2024-06-15T08:27:44,20.66,70.52,37.47,0,0
2024-06-15T08:27:45,19.6,73.36,36.42,0,0
2024-06-15T08:27:46,19.39,74.03,36.92,0,0
2024-06-15T08:27:47,22.83,75.9,34.71,0,0
2024-06-15T08:27:48,27.08,72.55,29.06,0,0
2024-06-15T08:27:49,23.52,72.96,44.57,0,0
2024-06-15T08:27:50,12.39,78.48,47.38,0,0
2024-06-15T08:27:51,16.0,71.3,55.38,0,0
2024-06-15T08:27:52,19.05,72.91,23.87,1,0
2024-06-15T08:27:53,20.6,74.43,47.72,0,0
2024-06-15T08:27:54,16.4,71.2,45.61,0,0
2024-06-15T08:27:55,26.03,71.07,50.65,0,0
2024-06-15T08:27:56,22.15,77.73,41.44,0,0
2024-06-15T08:27:57,11.91,74.62,50.48,0,0
2024-06-15T08:27:58,18.43,74.03,40.59,0,0
2024-06-15T08:27:59,10.4,79.18,34.79,0,0
2024-06-15T08:28:00,24.02,74.78,52.06,0,0
2024-06-15T08:28:01,23.62,74.41,34.85,0,0
2024-06-15T08:28:02,25.19,70.32,47.17,0,0
2024-06-15T08:28:03,17.6,78.13,43.29,0,0
2024-06-15T08:28:04,24.58,75.2,27.98,0,0
2024-06-15T08:28:05,18.56,76.68,43.33,0,0
2024-06-15T08:28:06,26.72,76.01,34.27,0,0
2024-06-15T08:28:07,18.82,75.26,23.49,0,0
2024-06-15T08:28:08,28.69,76.1,51.82,0,0
2024-06-15T08:28:09,15.68,78.11,59.85,0,0
2024-06-15T08:28:10,16.72,76.93,42.01,0,0
2024-06-15T08:28:11,15.82,76.23,48.67,0,0
2024-06-15T08:28:12,19.6,77.91,28.67,0,0
2024-06-15T08:28:13,16.02,75.34,42.2,0,0
2024-06-15T08:28:14,19.13,77.02,46.25,0,0
2024-06-15T08:28:15,25.43,74.69,46.82,0,0
2024-06-15T08:28:16,20.22,80.13,35.5,0,0
2024-06-15T08:28:17,30.42,75.09,31.0,0,0
2024-06-15T08:28:18,27.47,75.31,48.81,0,0
2024-06-15T08:28:19,26.9,75.84,37.26,0,0
2024-06-15T08:28:20,25.9,75.0,47.49,0,0
2024-06-15T08:28:21,13.39,76.12,36.89,0,0
2024-06-15T08:28:22,28.61,76.56,43.92,0,0
2024-06-15T08:28:23,23.95,72.5,54.99,0,0
2024-06-15T08:28:24,29.97,75.98,54.72,0,0
2024-06-15T08:28:25,19.72,73.01,42.33,0,0
2024-06-15T08:28:26,23.74,74.02,46.3,0,0
2024-06-15T08:28:27,23.23,72.5,46.15,0,0
2024-06-15T08:28:28,25.45,75.43,51.22,0,0
2024-06-15T08:28:29,17.13,76.17,32.64,0,0
2024-06-15T08:28:30,17.54,73.42,34.46,0,0
2024-06-15T08:28:31,19.81,74.46,48.7,0,0
2024-06-15T08:28:32,20.72,71.04,51.12,0,0
2024-06-15T08:28:33,18.65,74.85,45.57,0,0
2024-06-15T08:28:34,22.8,77.74,45.83,0,0
2024-06-15T08:28:35,18.55,80.45,43.55,0,0
2024-06-15T08:28:36,21.41,77.41,44.0,0,0
2024-06-15T08:28:37,23.6,81.23,39.8,0,0
2024-06-15T08:28:38,20.73,75.29,50.57,0,1
2024-06-15T08:28:39,16.57,74.29,32.34,0,1
2024-06-15T08:28:40,17.22,77.19,52.47,0,1
2024-06-15T08:28:41,17.98,83.49,64.21,1,1
2024-06-15T08:28:42,34.55,81.45,57.03,0,1
2024-06-15T08:28:43,24.73,90.65,48.47,0,1
2024-06-15T08:28:44,27.94,90.84,78.32,0,1
2024-06-15T08:28:45,31.27,87.0,89.32,0,1
2024-06-15T08:28:46,22.38,99.52,72.27,1,1
2024-06-15T08:28:47,27.83,91.36,93.4,0,1
2024-06-15T08:28:48,21.38,80.15,78.82,0,1
2024-06-15T08:28:49,38.1,83.75,94.18,0,1
2024-06-15T08:28:50,30.19,105.19,60.51,1,1
2024-06-15T08:28:51,28.47,87.58,95.33,1,1
2024-06-15T08:28:52,28.13,112.64,59.08,0,1
2024-06-15T08:28:53,30.69,110.05,71.1,1,1
2024-06-15T08:28:54,29.08,108.92,73.07,0,1
2024-06-15T08:28:55,40.84,90.44,145.31,1,1
2024-06-15T08:28:56,31.82,121.45,171.57,1,1
2024-06-15T08:28:57,27.68,106.18,141.05,0,1
2024-06-15T08:28:58,36.39,125.63,124.28,1,1
2024-06-15T08:28:59,29.47,102.87,80.01,0,1
2024-06-15T08:29:00,42.21,89.82,190.96,0,1
2024-06-15T08:29:01,49.58,86.29,153.96,1,1
2024-06-15T08:29:02,37.72,91.68,227.79,0,1
2024-06-15T08:29:03,33.27,92.65,89.38,0,1
2024-06-15T08:29:04,39.72,124.76,116.04,1,1
2024-06-15T08:29:05,36.44,114.1,206.26,0,1
2024-06-15T08:29:06,48.68,99.49,112.65,1,1
2024-06-15T08:29:07,52.78,101.69,158.99,0,1
2024-06-15T08:29:08,52.23,127.96,102.15,0,1
2024-06-15T08:29:09,46.4,159.15,176.61,0,1
2024-06-15T08:29:10,50.24,125.09,160.29,0,1
2024-06-15T08:29:11,43.91,99.98,123.3,1,1
2024-06-15T08:29:12,48.78,125.63,241.37,0,1
2024-06-15T08:29:13,64.77,112.28,251.33,1,1
2024-06-15T08:29:14,38.71,138.04,260.82,0,1
2024-06-15T08:29:15,51.79,159.47,180.16,0,1
2024-06-15T08:29:16,46.73,170.72,91.6,1,1
2024-06-15T08:29:17,52.62,180.0,203.58,0,1
2024-06-15T08:29:18,39.17,140.15,249.09,0,1
2024-06-15T08:29:19,42.7,190.17,167.07,1,1
2024-06-15T08:29:20,53.79,137.29,170.29,1,1
2024-06-15T08:29:21,59.26,139.79,216.93,0,1
2024-06-15T08:29:22,64.22,175.8,345.5,0,1
2024-06-15T08:29:23,41.14,199.22,243.9,0,1
2024-06-15T08:29:24,48.99,157.18,270.15,0,1
2024-06-15T08:29:25,72.6,213.9,285.66,1,1
2024-06-15T08:29:26,60.58,186.57,166.21,1,1
2024-06-15T08:29:27,50.34,159.48,335.46,0,1
2024-06-15T08:29:28,63.69,138.65,197.2,0,1
2024-06-15T08:29:29,54.28,132.13,250.41,1,1
2024-06-15T08:29:30,73.73,143.71,318.14,1,1
2024-06-15T08:29:31,55.81,199.25,358.77,0,1
2024-06-15T08:29:32,71.72,215.75,388.51,1,1
2024-06-15T08:29:33,59.38,214.13,188.76,1,1
2024-06-15T08:29:34,60.07,126.89,401.54,1,1
2024-06-15T08:29:35,72.81,158.38,456.1,1,1
2024-06-15T08:29:36,79.59,207.19,404.81,1,1
2024-06-15T08:29:37,55.15,176.37,313.16,1,1
2024-06-15T08:29:38,96.52,401.54,1496.46,1,1
2024-06-15T08:29:39,21.06,73.72,47.47,0,0
2024-06-15T08:29:40,27.56,79.47,40.03,0,0
2024-06-15T08:29:41,12.79,72.95,38.59,0,0
2024-06-15T08:29:42,20.96,74.53,50.95,1,0
2024-06-15T08:29:43,27.1,74.57,50.79,0,0
2024-06-15T08:29:44,23.43,75.16,49.25,0,0
2024-06-15T08:29:45,22.29,80.14,30.49,0,0
2024-06-15T08:29:46,19.94,74.68,45.52,0,0
2024-06-15T08:29:47,27.07,74.94,30.62,0,0
2024-06-15T08:29:48,25.37,76.89,26.47,0,0
2024-06-15T08:29:49,21.98,71.02,36.68,0,0
2024-06-15T08:29:50,18.39,77.02,42.93,0,0
2024-06-15T08:29:51,16.86,77.2,30.53,1,0
2024-06-15T08:29:52,23.32,72.96,39.07,0,0
2024-06-15T08:29:53,24.02,76.3,52.7,0,0
2024-06-15T08:29:54,21.67,75.77,38.5,0,0
2024-06-15T08:29:55,22.73,76.1,41.21,0,0
2024-06-15T08:29:56,14.78,75.83,44.92,0,0
2024-06-15T08:29:57,19.28,71.79,53.81,0,0
2024-06-15T08:29:58,23.97,74.43,32.9,0,0
2024-06-15T08:29:59,18.71,78.26,43.1,0,0
2024-06-15T08:30:00,19.8,76.27,35.48,0,0
2024-06-15T08:30:01,28.0,78.38,38.27,0,0
2024-06-15T08:30:02,19.49,68.45,30.15,0,0
2024-06-15T08:30:03,16.64,75.34,39.39,0,0
2024-06-15T08:30:04,16.62,74.3,46.04,0,0
2024-06-15T08:30:05,24.11,70.25,40.97,0,0
2024-06-15T08:30:06,16.47,77.25,48.27,0,0
2024-06-15T08:30:07,18.41,73.08,38.31,0,0
2024-06-15T08:30:08,12.99,75.84,39.82,0,0
2024-06-15T08:30:09,25.88,72.25,37.05,0,0
2024-06-15T08:30:10,15.97,72.49,32.54,0,0
2024-06-15T08:30:11,25.98,73.25,42.99,0,0
2024-06-15T08:30:12,20.48,71.83,40.65,0,0
2024-06-15T08:30:13,24.4,71.98,48.47,0,0
2024-06-15T08:30:14,18.6,73.79,46.25,0,0
2024-06-15T08:30:15,19.35,75.09,39.48,0,0
2024-06-15T08:30:16,22.52,69.05,27.36,0,0
2024-06-15T08:30:17,24.46,77.59,34.72,0,0
2024-06-15T08:30:18,21.02,75.74,47.55,0,0
2024-06-15T08:30:19,13.89,72.78,39.34,0,0
2024-06-15T08:30:20,24.81,81.25,40.18,0,0
2024-06-15T08:30:21,16.37,76.01,52.57,0,0
2024-06-15T08:30:22,22.43,72.73,49.66,0,0
2024-06-15T08:30:23,24.65,72.43,45.05,0,0
2024-06-15T08:30:24,25.99,77.95,41.47,0,0
2024-06-15T08:30:25,20.57,78.07,32.32,0,0
2024-06-15T08:30:26,23.75,71.57,50.52,0,0
2024-06-15T08:30:27,20.97,78.17,45.93,0,0
2024-06-15T08:30:28,17.11,78.56,54.41,0,0
2024-06-15T08:30:29,25.53,73.1,39.55,0,0
2024-06-15T08:30:30,22.58,73.24,55.54,0,0
2024-06-15T08:30:31,22.58,68.24,44.71,0,0
2024-06-15T08:30:32,20.61,74.81,39.05,0,0
2024-06-15T08:30:33,25.23,77.8,44.26,0,0
2024-06-15T08:30:34,20.64,74.9,42.16,0,0
2024-06-15T08:30:35,18.79,76.45,45.68,0,0
2024-06-15T08:30:36,28.16,78.14,36.51,0,0
2024-06-15T08:30:37,25.28,72.62,47.57,0,0
2024-06-15T08:30:38,19.93,72.44,44.24,0,0
2024-06-15T08:30:39,11.3,70.62,40.58,0,0
2024-06-15T08:30:40,22.33,74.08,29.36,0,0
2024-06-15T08:30:41,18.73,75.98,46.65,0,0
2024-06-15T08:30:42,21.94,77.89,45.18,0,0
2024-06-15T08:30:43,19.01,74.3,30.78,0,0
2024-06-15T08:30:44,21.57,77.78,47.48,0,0
2024-06-15T08:30:45,27.61,74.24,52.77,0,0
2024-06-15T08:30:46,21.23,78.68,41.83,0,0
2024-06-15T08:30:47,24.83,78.69,40.45,0,0
2024-06-15T08:30:48,22.87,78.22,40.94,0,0
2024-06-15T08:30:49,16.72,80.36,38.24,0,0
2024-06-15T08:30:50,22.64,77.89,37.13,0,0
2024-06-15T08:30:51,17.97,75.63,27.66,0,0
2024-06-15T08:30:52,20.85,75.61,39.84,0,0
2024-06-15T08:30:53,15.83,78.99,42.83,0,0
2024-06-15T08:30:54,27.72,74.35,34.96,0,0
2024-06-15T08:30:55,23.08,74.46,32.58,0,0
2024-06-15T08:30:56,27.88,73.44,27.28,0,0
2024-06-15T08:30:57,27.31,73.74,37.14,0,0
2024-06-15T08:30:58,14.94,79.35,31.68,0,0
2024-06-15T08:30:59,22.23,77.28,45.37,0,0
2024-06-15T08:31:00,21.76,70.75,35.52,0,0
2024-06-15T08:31:01,22.75,73.03,43.63,0,0
2024-06-15T08:31:02,24.73,77.41,32.19,0,0
2024-06-15T08:31:03,30.79,76.92,41.99,0,0
2024-06-15T08:31:04,26.36,80.91,30.49,0,0
2024-06-15T08:31:05,21.1,69.05,43.54,0,0
2024-06-15T08:31:06,23.46,74.9,36.76,0,0
2024-06-15T08:31:07,13.8,75.93,53.64,0,0
2024-06-15T08:31:08,19.64,76.1,29.45,0,0
2024-06-15T08:31:09,23.83,74.02,35.9,0,0
2024-06-15T08:31:10,18.96,74.02,45.06,0,0
2024-06-15T08:31:11,16.75,74.01,41.67,0,0
2024-06-15T08:31:12,17.6,79.49,35.17,0,0
2024-06-15T08:31:13,19.32,72.55,56.39,0,0
2024-06-15T08:31:14,24.21,72.66,50.85,0,0
2024-06-15T08:31:15,22.8,75.64,39.24,0,0
2024-06-15T08:31:16,19.0,75.84,37.64,0,0
2024-06-15T08:31:17,29.27,71.83,54.29,0,0
2024-06-15T08:31:18,21.55,75.75,48.67,0,0
2024-06-15T08:31:19,19.48,77.16,20.34,0,0
2024-06-15T08:31:20,19.12,72.69,31.97,0,0
2024-06-15T08:31:21,21.14,75.96,47.62,0,0
2024-06-15T08:31:22,22.96,73.34,44.95,0,0
2024-06-15T08:31:23,22.5,77.34,48.22,0,0
2024-06-15T08:31:24,22.12,72.76,36.78,0,0
2024-06-15T08:31:25,19.8,74.21,44.14,0,0
2024-06-15T08:31:26,24.86,74.87,42.13,0,0
2024-06-15T08:31:27,22.57,73.71,34.6,0,0
2024-06-15T08:31:28,14.98,73.26,45.79,0,0
2024-06-15T08:31:29,19.19,74.41,45.73,0,0
2024-06-15T08:31:30,24.08,72.3,49.98,0,0
2024-06-15T08:31:31,26.51,72.18,35.41,1,0
2024-06-15T08:31:32,26.76,74.63,24.24,0,0
2024-06-15T08:31:33,16.4,74.38,32.7,0,0
2024-06-15T08:31:34,20.35,75.08,53.7,0,0
2024-06-15T08:31:35,20.84,77.68,53.43,0,0
2024-06-15T08:31:36,27.74,75.71,26.29,0,0
2024-06-15T08:31:37,23.84,77.62,41.35,0,0
2024-06-15T08:31:38,28.98,77.15,46.55,0,0
2024-06-15T08:31:39,26.35,75.83,22.06,0,0
2024-06-15T08:31:40,20.0,77.99,35.54,0,0
2024-06-15T08:31:41,21.11,72.39,56.27,0,0
2024-06-15T08:31:42,28.73,72.79,43.18,0,0
2024-06-15T08:31:43,19.28,76.54,46.08,1,0
2024-06-15T08:31:44,25.25,75.83,65.48,0,0
2024-06-15T08:31:45,17.89,70.72,38.86,0,0
2024-06-15T08:31:46,15.73,71.27,33.99,0,0
2024-06-15T08:31:47,18.31,72.61,46.15,0,0
2024-06-15T08:31:48,19.98,74.55,49.15,0,0
2024-06-15T08:31:49,18.93,74.34,44.93,0,0
2024-06-15T08:31:50,14.23,69.04,44.77,0,0
2024-06-15T08:31:51,23.97,80.16,43.26,0,0
2024-06-15T08:31:52,25.28,74.51,44.38,0,0
2024-06-15T08:31:53,28.67,69.69,45.31,0,0
2024-06-15T08:31:54,30.54,75.71,55.2,0,0
2024-06-15T08:31:55,19.48,74.92,42.27,0,0
2024-06-15T08:31:56,13.13,72.08,33.22,0,0
2024-06-15T08:31:57,25.29,77.18,44.59,0,0
2024-06-15T08:31:58,25.3,74.59,51.62,0,0
2024-06-15T08:31:59,22.04,75.14,39.88,0,0
2024-06-15T08:32:00,24.74,73.95,49.81,0,0
2024-06-15T08:32:01,17.47,72.25,47.5,0,0
2024-06-15T08:32:02,21.65,73.87,49.12,0,0
2024-06-15T08:32:03,19.57,74.5,53.19,0,0
2024-06-15T08:32:04,28.16,78.93,39.74,0,0
2024-06-15T08:32:05,26.92,72.63,34.74,0,0
2024-06-15T08:32:06,12.6,79.18,35.09,0,0
2024-06-15T08:32:07,21.49,72.72,47.56,0,0
2024-06-15T08:32:08,20.5,71.74,45.53,0,0
2024-06-15T08:32:09,16.27,72.91,25.14,0,0
2024-06-15T08:32:10,16.3,75.45,26.28,0,0
2024-06-15T08:32:11,16.08,74.99,37.65,0,0
2024-06-15T08:32:12,29.97,79.58,35.06,0,0
2024-06-15T08:32:13,24.23,76.87,37.22,0,0
2024-06-15T08:32:14,16.02,74.97,40.62,0,0
2024-06-15T08:32:15,20.26,76.11,35.99,0,0
2024-06-15T08:32:16,17.39,75.27,45.09,1,0
2024-06-15T08:32:17,17.29,77.32,27.84,0,0
2024-06-15T08:32:18,19.69,74.35,36.91,0,0
2024-06-15T08:32:19,19.74,79.68,35.19,0,0
2024-06-15T08:32:20,31.76,76.09,42.74,0,0
2024-06-15T08:32:21,23.9,81.32,34.05,0,0
2024-06-15T08:32:22,17.52,73.11,42.26,0,0
2024-06-15T08:32:23,15.1,75.06,55.55,0,0
2024-06-15T08:32:24,22.61,74.27,37.05,0,0
2024-06-15T08:32:25,25.59,72.94,56.77,0,0
2024-06-15T08:32:26,29.73,75.64,41.91,0,0
2024-06-15T08:32:27,26.12,77.74,35.55,0,0
2024-06-15T08:32:28,19.89,71.69,45.27,0,0
2024-06-15T08:32:29,24.67,71.63,38.36,0,0
2024-06-15T08:32:30,16.61,72.75,46.41,0,0
2024-06-15T08:32:31,19.07,74.25,28.98,0,0
2024-06-15T08:32:32,22.75,74.89,36.17,0,0
2024-06-15T08:32:33,21.24,75.45,35.48,0,0
2024-06-15T08:32:34,16.09,79.51,36.93,0,0
2024-06-15T08:32:35,21.61,77.53,70.23,0,0
2024-06-15T08:32:36,17.02,76.12,36.34,0,0
2024-06-15T08:32:37,19.84,73.2,32.99,0,0
2024-06-15T08:32:38,21.83,71.31,49.57,0,0
2024-06-15T08:32:39,22.22,76.06,38.27,0,0
2024-06-15T08:32:40,20.53,75.72,32.69,0,0
2024-06-15T08:32:41,20.57,72.85,34.88,0,0
2024-06-15T08:32:42,13.56,78.35,36.51,0,0
2024-06-15T08:32:43,26.65,77.67,31.71,0,0
2024-06-15T08:32:44,17.65,81.4,56.01,1,1
2024-06-15T08:32:45,22.56,74.75,60.17,1,1
2024-06-15T08:32:46,23.21,78.28,46.88,0,1
2024-06-15T08:32:47,28.2,76.57,57.48,0,1
2024-06-15T08:32:48,23.69,81.03,58.36,1,1
2024-06-15T08:32:49,29.08,81.83,64.34,1,1
2024-06-15T08:32:50,24.59,84.43,52.03,0,1
2024-06-15T08:32:51,31.99,99.07,47.96,0,1
2024-06-15T08:32:52,37.29,96.93,62.54,0,1
2024-06-15T08:32:53,30.62,90.79,57.48,0,1
2024-06-15T08:32:54,27.36,85.24,82.22,1,1
2024-06-15T08:32:55,32.37,104.71,117.4,1,1
2024-06-15T08:32:56,40.58,81.87,97.17,0,1
2024-06-15T08:32:57,34.51,98.6,82.94,0,1
2024-06-15T08:32:58,34.51,106.99,92.22,0,1
2024-06-15T08:32:59,40.42,118.61,103.69,0,1
2024-06-15T08:33:00,40.13,109.43,128.91,1,1
2024-06-15T08:33:01,35.27,111.95,178.8,1,1
2024-06-15T08:33:02,34.0,109.11,120.59,1,1
2024-06-15T08:33:03,38.77,110.5,81.83,1,1
2024-06-15T08:33:04,42.8,96.99,86.38,0,1
2024-06-15T08:33:05,29.42,97.25,158.48,0,1
2024-06-15T08:33:06,44.37,112.75,175.92,1,1
2024-06-15T08:33:07,41.1,131.78,208.17,0,1
2024-06-15T08:33:08,33.93,118.82,130.59,0,1
2024-06-15T08:33:09,44.39,130.0,195.92,0,1
2024-06-15T08:33:10,43.06,128.15,169.41,0,1
2024-06-15T08:33:11,34.34,101.55,190.18,0,1
2024-06-15T08:33:12,38.27,140.22,203.34,1,1
2024-06-15T08:33:13,38.3,140.41,173.46,0,1
2024-06-15T08:33:14,41.78,108.87,147.71,0,1
2024-06-15T08:33:15,50.53,102.94,268.52,0,1
2024-06-15T08:33:16,48.99,123.93,140.28,1,1
2024-06-15T08:33:17,55.21,118.91,182.46,0,1
2024-06-15T08:33:18,41.46,166.49,189.84,0,1
2024-06-15T08:33:19,44.3,144.86,97.93,1,1
2024-06-15T08:33:20,53.16,157.07,122.34,1,1
2024-06-15T08:33:21,40.91,113.39,169.07,1,1
2024-06-15T08:33:22,60.07,146.04,295.35,1,1
2024-06-15T08:33:23,38.7,151.97,323.08,1,1
2024-06-15T08:33:24,61.71,182.54,281.25,1,1
2024-06-15T08:33:25,49.33,126.83,204.53,0,1
2024-06-15T08:33:26,51.1,176.79,305.82,0,1
2024-06-15T08:33:27,35.17,139.54,231.37,0,1
2024-06-15T08:33:28,56.71,203.0,155.12,0,1
2024-06-15T08:33:29,41.27,153.26,312.76,0,1
2024-06-15T08:33:30,74.23,146.36,262.97,0,1
2024-06-15T08:33:31,63.04,119.59,197.58,0,1
2024-06-15T08:33:32,73.44,165.21,271.69,0,1
2024-06-15T08:33:33,54.23,171.63,401.72,1,1
2024-06-15T08:33:34,55.6,223.02,242.85,1,1
2024-06-15T08:33:35,76.76,142.05,350.73,1,1
2024-06-15T08:33:36,59.61,149.24,267.91,0,1
2024-06-15T08:33:37,57.05,225.81,293.43,1,1
2024-06-15T08:33:38,56.87,183.45,286.06,0,1
2024-06-15T08:33:39,56.15,130.57,158.04,0,1
2024-06-15T08:33:40,79.91,197.35,373.97,1,1
2024-06-15T08:33:41,83.68,227.58,177.6,0,1
2024-06-15T08:33:42,43.67,121.47,222.81,1,1
2024-06-15T08:33:43,76.19,190.31,117.21,1,1
2024-06-15T08:33:44,82.0,445.78,1637.63,1,1
2024-06-15T08:33:45,19.05,76.8,56.56,0,0
2024-06-15T08:33:46,21.67,76.62,37.32,0,0
2024-06-15T08:33:47,31.81,79.96,42.1,0,0
2024-06-15T08:33:48,23.55,78.4,40.82,0,0
2024-06-15T08:33:49,19.37,77.18,42.63,0,0
2024-06-15T08:33:50,22.73,72.91,28.26,0,0
2024-06-15T08:33:51,22.94,77.26,40.19,0,0
2024-06-15T08:33:52,27.75,73.24,33.56,0,0
2024-06-15T08:33:53,21.73,74.79,48.16,0,0
2024-06-15T08:33:54,18.9,78.42,57.74,0,0
2024-06-15T08:33:55,21.84,78.12,33.55,0,0
2024-06-15T08:33:56,26.3,77.62,48.91,0,0
2024-06-15T08:33:57,21.94,67.61,36.87,0,0
2024-06-15T08:33:58,19.5,72.55,42.98,0,0
2024-06-15T08:33:59,20.32,72.94,33.53,0,0
2024-06-15T08:34:00,19.14,77.8,36.71,0,0
2024-06-15T08:34:01,19.94,73.86,44.71,0,0
2024-06-15T08:34:02,23.82,67.39,50.17,0,0
2024-06-15T08:34:03,27.75,72.37,34.22,1,0
2024-06-15T08:34:04,20.2,73.11,43.79,0,0
2024-06-15T08:34:05,14.21,72.21,54.31,0,0
2024-06-15T08:34:06,18.29,78.11,44.84,0,0
2024-06-15T08:34:07,14.76,76.59,41.06,0,0
2024-06-15T08:34:08,20.18,75.61,45.8,0,0
2024-06-15T08:34:09,24.83,77.95,45.27,0,0
2024-06-15T08:34:10,16.5,73.82,65.54,0,0
2024-06-15T08:34:11,24.9,80.92,53.16,0,0
2024-06-15T08:34:12,22.97,75.75,41.71,0,0
2024-06-15T08:34:13,15.05,75.05,51.69,0,0
2024-06-15T08:34:14,19.6,76.03,48.81,0,0
2024-06-15T08:34:15,18.36,73.87,33.86,0,0
2024-06-15T08:34:16,18.71,71.78,34.8,0,0
2024-06-15T08:34:17,27.68,72.71,43.01,0,0
2024-06-15T08:34:18,19.99,77.95,52.49,0,0
2024-06-15T08:34:19,25.46,75.77,40.15,0,0
2024-06-15T08:34:20,17.23,79.86,35.92,0,0
2024-06-15T08:34:21,24.65,77.65,37.56,0,0
2024-06-15T08:34:22,26.15,76.91,55.82,0,0
2024-06-15T08:34:23,20.12,71.79,37.96,1,0
2024-06-15T08:34:24,22.84,75.15,38.85,0,0
2024-06-15T08:34:25,14.36,76.18,57.78,0,0
2024-06-15T08:34:26,23.86,76.52,46.58,0,0
2024-06-15T08:34:27,23.59,77.33,45.16,0,0
2024-06-15T08:34:28,20.75,73.01,40.01,1,0
2024-06-15T08:34:29,23.26,74.21,44.51,0,0
2024-06-15T08:34:30,23.76,77.08,52.26,0,0
2024-06-15T08:34:31,22.31,71.73,39.24,0,0
2024-06-15T08:34:32,22.18,70.41,53.11,0,0
2024-06-15T08:34:33,22.57,75.95,52.92,0,0
2024-06-15T08:34:34,19.48,76.44,41.12,0,0
2024-06-15T08:34:35,21.26,73.07,55.32,0,0
2024-06-15T08:34:36,20.5,76.75,27.0,0,0
2024-06-15T08:34:37,26.72,77.63,42.78,0,0
2024-06-15T08:34:38,21.09,76.0,60.31,0,0
2024-06-15T08:34:39,14.95,76.96,34.71,0,0
2024-06-15T08:34:40,21.92,74.38,38.57,0,0
2024-06-15T08:34:41,21.96,72.16,50.23,0,0
2024-06-15T08:34:42,14.82,76.35,39.39,0,0
2024-06-15T08:34:43,17.32,75.51,29.54,0,0
2024-06-15T08:34:44,22.16,71.44,45.69,0,0
2024-06-15T08:34:45,18.3,73.87,44.35,0,0
2024-06-15T08:34:46,18.91,74.86,29.89,0,0
2024-06-15T08:34:47,24.52,79.41,64.34,1,0
2024-06-15T08:34:48,22.36,76.97,27.75,0,0
2024-06-15T08:34:49,28.01,76.94,38.13,0,0
2024-06-15T08:34:50,26.95,74.36,38.34,0,0
2024-06-15T08:34:51,23.9,72.34,50.17,0,0
2024-06-15T08:34:52,17.78,72.37,34.72,0,0
2024-06-15T08:34:53,25.04,73.46,31.22,0,0
2024-06-15T08:34:54,19.58,74.92,32.55,0,0
2024-06-15T08:34:55,17.39,80.28,35.12,0,0
2024-06-15T08:34:56,20.71,74.08,38.63,0,0
2024-06-15T08:34:57,24.49,77.37,39.55,0,0
2024-06-15T08:34:58,17.05,78.19,41.24,0,0
2024-06-15T08:34:59,28.92,69.39,43.56,0,0
2024-06-15T08:35:00,29.67,74.12,40.2,0,0
2024-06-15T08:35:01,23.18,73.6,39.5,0,0
2024-06-15T08:35:02,20.65,73.43,51.83,0,0
2024-06-15T08:35:03,23.84,75.63,48.47,0,0
2024-06-15T08:35:04,20.94,73.06,37.18,0,0
2024-06-15T08:35:05,22.01,72.35,38.0,0,0
2024-06-15T08:35:06,19.94,80.31,19.81,0,0
2024-06-15T08:35:07,21.28,79.31,42.97,0,0
2024-06-15T08:35:08,25.01,75.25,36.66,0,0
2024-06-15T08:35:09,13.03,75.51,35.8,0,0
2024-06-15T08:35:10,18.8,73.75,55.96,0,0
2024-06-15T08:35:11,31.62,75.54,38.28,0,0
2024-06-15T08:35:12,17.29,76.17,56.26,0,0
2024-06-15T08:35:13,21.01,69.05,47.36,0,0
2024-06-15T08:35:14,25.94,71.04,43.41,0,0
2024-06-15T08:35:15,23.8,74.82,35.67,0,0
2024-06-15T08:35:16,26.06,73.99,30.12,0,0
2024-06-15T08:35:17,13.8,78.15,46.93,0,0
2024-06-15T08:35:18,22.35,73.9,37.77,0,0
2024-06-15T08:35:19,17.7,73.92,25.04,0,0
2024-06-15T08:35:20,19.06,74.22,46.88,0,0
2024-06-15T08:35:21,21.84,76.99,52.79,0,0
2024-06-15T08:35:22,26.23,76.18,42.09,0,0
2024-06-15T08:35:23,18.08,76.85,55.44,0,0
2024-06-15T08:35:24,23.37,79.79,29.8,0,0
2024-06-15T08:35:25,17.38,77.14,44.11,0,0
2024-06-15T08:35:26,27.26,74.96,35.06,0,0
2024-06-15T08:35:27,21.15,71.17,32.97,0,0
2024-06-15T08:35:28,25.89,77.18,44.9,0,0
2024-06-15T08:35:29,15.12,74.1,32.2,0,0
2024-06-15T08:35:30,26.71,73.54,33.31,0,0
2024-06-15T08:35:31,22.12,73.4,53.87,0,0
2024-06-15T08:35:32,19.06,71.5,24.78,0,0
2024-06-15T08:35:33,21.88,73.6,30.57,0,0
2024-06-15T08:35:34,26.76,76.67,41.77,0,0
2024-06-15T08:35:35,27.46,76.66,35.42,0,0
2024-06-15T08:35:36,17.84,77.04,45.17,0,0
2024-06-15T08:35:37,22.68,72.88,46.86,1,0
2024-06-15T08:35:38,18.98,74.75,53.58,0,0
2024-06-15T08:35:39,19.36,71.07,33.58,0,0
2024-06-15T08:35:40,25.98,75.64,40.97,1,0
2024-06-15T08:35:41,19.96,76.21,35.21,0,0
2024-06-15T08:35:42,23.22,73.17,34.82,0,0
2024-06-15T08:35:43,19.45,74.06,41.61,0,0
2024-06-15T08:35:44,22.94,65.78,35.54,0,0
2024-06-15T08:35:45,20.43,78.76,33.36,0,0
2024-06-15T08:35:46,22.65,78.74,31.5,0,0
2024-06-15T08:35:47,23.58,72.99,37.96,0,0
2024-06-15T08:35:48,18.79,73.17,63.78,0,0
2024-06-15T08:35:49,25.38,77.75,45.94,0,0
2024-06-15T08:35:50,15.57,75.99,50.58,0,0
2024-06-15T08:35:51,18.59,77.41,47.63,0,0
2024-06-15T08:35:52,29.41,73.96,33.22,0,0
2024-06-15T08:35:53,20.55,78.59,27.37,0,0
2024-06-15T08:35:54,13.73,75.22,38.46,0,0
2024-06-15T08:35:55,22.03,77.36,37.58,0,0
2024-06-15T08:35:56,14.51,80.11,34.02,0,0
2024-06-15T08:35:57,17.76,77.76,38.92,0,0
2024-06-15T08:35:58,21.75,76.21,50.67,0,0
2024-06-15T08:35:59,20.67,78.8,24.91,0,0
2024-06-15T08:36:00,25.04,72.9,52.98,0,0
2024-06-15T08:36:01,22.57,73.32,47.3,0,0
2024-06-15T08:36:02,25.57,76.6,33.76,0,0
2024-06-15T08:36:03,20.06,74.99,41.67,0,0
2024-06-15T08:36:04,25.0,69.96,44.67,0,0
2024-06-15T08:36:05,20.84,72.9,36.06,0,0
2024-06-15T08:36:06,21.14,66.0,36.39,0,0
2024-06-15T08:36:07,18.5,76.33,35.56,0,0
2024-06-15T08:36:08,21.14,78.86,49.95,0,0
2024-06-15T08:36:09,25.61,73.75,46.34,0,0
2024-06-15T08:36:10,21.06,74.51,45.28,0,0
2024-06-15T08:36:11,19.61,78.73,40.72,0,0
2024-06-15T08:36:12,24.47,78.64,50.25,0,0
2024-06-15T08:36:13,16.36,76.11,48.81,0,0
2024-06-15T08:36:14,25.57,72.22,36.74,0,0
2024-06-15T08:36:15,25.98,73.1,39.6,0,0
2024-06-15T08:36:16,28.3,74.88,36.19,0,0
2024-06-15T08:36:17,18.49,75.83,31.33,0,0
2024-06-15T08:36:18,21.01,75.83,52.39,0,0
2024-06-15T08:36:19,24.67,73.21,51.43,0,0
2024-06-15T08:36:20,20.8,71.91,40.62,0,0
2024-06-15T08:36:21,27.75,75.41,42.1,0,0
2024-06-15T08:36:22,28.55,71.42,31.72,0,0
2024-06-15T08:36:23,15.54,75.93,43.33,0,0
2024-06-15T08:36:24,28.17,75.61,38.77,0,0
2024-06-15T08:36:25,22.01,75.29,28.63,0,0
2024-06-15T08:36:26,32.84,76.3,43.68,0,0
2024-06-15T08:36:27,24.46,76.77,40.88,1,0
2024-06-15T08:36:28,19.48,76.5,45.09,0,0
2024-06-15T08:36:29,18.76,78.55,44.35,0,0
2024-06-15T08:36:30,24.92,78.48,42.18,0,0
2024-06-15T08:36:31,23.27,77.03,36.2,0,0
2024-06-15T08:36:32,22.22,75.31,34.35,0,0
2024-06-15T08:36:33,31.27,71.48,31.62,0,0
2024-06-15T08:36:34,27.26,76.78,33.79,0,0
2024-06-15T08:36:35,24.43,78.67,41.76,0,0
2024-06-15T08:36:36,32.4,70.69,47.55,0,0
2024-06-15T08:36:37,26.67,77.23,40.37,0,0
2024-06-15T08:36:38,20.84,76.11,48.53,0,0
2024-06-15T08:36:39,24.41,77.6,33.85,0,0
2024-06-15T08:36:40,21.09,72.65,38.91,0,0
2024-06-15T08:36:41,26.06,75.27,62.85,0,0
2024-06-15T08:36:42,22.77,75.15,42.85,0,0
2024-06-15T08:36:43,19.45,74.86,51.02,0,0
2024-06-15T08:36:44,22.46,73.02,34.6,0,0
2024-06-15T08:36:45,20.2,75.18,51.55,0,0
2024-06-15T08:36:46,16.64,74.2,43.15,0,0
2024-06-15T08:36:47,14.67,72.92,36.56,0,0
2024-06-15T08:36:48,18.82,75.48,40.72,0,0
2024-06-15T08:36:49,19.78,76.07,55.78,0,0
2024-06-15T08:36:50,28.56,70.19,46.62,0,0
2024-06-15T08:36:51,21.29,75.39,38.81,0,0
2024-06-15T08:36:52,22.47,75.38,37.37,0,0
2024-06-15T08:36:53,18.41,73.88,43.87,0,0
2024-06-15T08:36:54,24.4,77.13,38.05,0,0
2024-06-15T08:36:55,23.14,77.41,51.32,0,0
2024-06-15T08:36:56,21.76,74.45,43.53,0,0
2024-06-15T08:36:57,17.4,74.52,47.96,0,0
2024-06-15T08:36:58,24.57,74.32,43.74,0,0
2024-06-15T08:36:59,18.7,76.76,41.38,0,0
2024-06-15T08:37:00,20.9,74.1,41.5,0,0
2024-06-15T08:37:01,20.21,76.65,38.84,0,0
2024-06-15T08:37:02,28.37,78.66,34.87,0,0
2024-06-15T08:37:03,22.28,73.37,39.39,0,0
2024-06-15T08:37:04,30.01,74.23,44.88,0,0
2024-06-15T08:37:05,24.17,72.5,35.16,0,0
2024-06-15T08:37:06,17.18,72.79,19.2,0,0
2024-06-15T08:37:07,24.18,80.14,43.18,0,0
2024-06-15T08:37:08,16.33,73.39,38.33,0,0
2024-06-15T08:37:09,17.93,77.15,48.48,0,0
2024-06-15T08:37:10,17.38,76.81,54.21,0,0
2024-06-15T08:37:11,29.61,82.16,34.78,0,0
2024-06-15T08:37:12,33.3,74.11,37.26,0,0
2024-06-15T08:37:13,23.31,73.54,45.19,0,0
2024-06-15T08:37:14,16.72,74.4,52.28,0,0
2024-06-15T08:37:15,21.77,75.35,45.8,1,0
2024-06-15T08:37:16,26.68,70.86,46.68,0,0
2024-06-15T08:37:17,20.93,75.42,50.48,0,0
2024-06-15T08:37:18,17.22,72.47,26.52,0,0
2024-06-15T08:37:19,19.8,78.33,41.04,0,0
2024-06-15T08:37:20,16.64,73.79,30.1,0,0
2024-06-15T08:37:21,17.5,75.97,32.61,0,0
2024-06-15T08:37:22,26.45,74.82,42.68,0,0
2024-06-15T08:37:23,20.89,76.93,48.27,0,0
2024-06-15T08:37:24,23.34,76.41,40.3,0,0
2024-06-15T08:37:25,24.17,74.16,42.02,0,0
2024-06-15T08:37:26,20.9,73.86,36.49,0,0
2024-06-15T08:37:27,23.87,78.28,51.37,0,0
2024-06-15T08:37:28,16.97,78.22,39.45,1,0
2024-06-15T08:37:29,24.4,72.73,43.14,0,0
2024-06-15T08:37:30,23.25,71.29,46.87,0,0
2024-06-15T08:37:31,27.38,74.56,52.88,0,0
2024-06-15T08:37:32,21.24,77.12,24.25,0,0
2024-06-15T08:37:33,31.68,78.74,39.72,0,0
2024-06-15T08:37:34,14.11,75.72,30.45,0,0
2024-06-15T08:37:35,23.78,76.03,34.47,1,0
2024-06-15T08:37:36,26.48,77.01,49.81,0,0
2024-06-15T08:37:37,22.04,71.46,49.82,0,0
2024-06-15T08:37:38,20.92,71.53,52.82,0,0
2024-06-15T08:37:39,30.4,74.9,59.27,0,0
2024-06-15T08:37:40,22.37,74.05,36.96,0,0
2024-06-15T08:37:41,28.55,73.05,47.88,0,0
2024-06-15T08:37:42,19.76,73.85,50.24,0,0
2024-06-15T08:37:43,20.48,73.99,51.06,0,0
2024-06-15T08:37:44,28.39,76.61,36.76,0,0
2024-06-15T08:37:45,19.96,75.2,44.57,0,0
2024-06-15T08:37:46,18.05,76.81,42.68,0,0
2024-06-15T08:37:47,15.14,72.68,37.97,0,0
2024-06-15T08:37:48,21.71,79.72,43.91,0,0
2024-06-15T08:37:49,18.64,75.55,39.18,0,0
2024-06-15T08:37:50,23.3,76.45,51.67,0,0
2024-06-15T08:37:51,21.9,79.1,49.26,0,0
2024-06-15T08:37:52,19.17,80.52,44.62,0,0
2024-06-15T08:37:53,18.66,79.13,58.62,0,0
2024-06-15T08:37:54,21.87,73.74,40.62,0,0
2024-06-15T08:37:55,24.86,78.19,46.56,0,0
2024-06-15T08:37:56,22.41,78.75,39.5,0,0
2024-06-15T08:37:57,26.12,74.28,45.45,0,0
2024-06-15T08:37:58,21.55,74.86,38.98,0,0
2024-06-15T08:37:59,27.38,73.17,36.08,0,0
2024-06-15T08:38:00,30.48,77.44,22.92,0,0
2024-06-15T08:38:01,19.74,70.47,34.39,0,0
2024-06-15T08:38:02,9.45,74.66,32.86,0,0
2024-06-15T08:38:03,22.24,70.94,42.66,0,0
2024-06-15T08:38:04,20.34,78.75,53.29,0,0
2024-06-15T08:38:05,25.14,74.18,57.88,0,0
2024-06-15T08:38:06,15.79,71.49,41.33,0,0
2024-06-15T08:38:07,31.02,74.49,40.53,0,0
2024-06-15T08:38:08,16.23,77.36,49.63,0,0
2024-06-15T08:38:09,25.16,73.43,36.35,0,0
2024-06-15T08:38:10,16.83,75.21,33.36,0,0
2024-06-15T08:38:11,17.29,73.94,38.09,0,0
2024-06-15T08:38:12,19.85,76.17,42.63,0,0
2024-06-15T08:38:13,20.85,75.46,34.07,0,0
2024-06-15T08:38:14,22.42,75.38,29.98,0,0
2024-06-15T08:38:15,25.98,72.8,42.72,0,0
2024-06-15T08:38:16,26.66,77.31,42.27,0,0
2024-06-15T08:38:17,20.55,77.37,47.4,0,0
2024-06-15T08:38:18,19.53,73.01,25.42,0,0
2024-06-15T08:38:19,22.62,74.79,51.09,0,0
2024-06-15T08:38:20,23.44,78.34,36.42,0,0
2024-06-15T08:38:21,26.55,73.68,48.22,0,0
2024-06-15T08:38:22,16.16,75.59,26.12,0,0
2024-06-15T08:38:23,20.93,76.1,37.83,0,0
2024-06-15T08:38:24,17.8,77.12,41.17,0,0
2024-06-15T08:38:25,20.04,75.1,63.09,0,0
2024-06-15T08:38:26,26.61,77.91,45.48,0,0
2024-06-15T08:38:27,22.67,69.01,36.57,0,0
2024-06-15T08:38:28,20.08,70.31,32.74,0,0
2024-06-15T08:38:29,14.08,74.9,48.55,0,0
2024-06-15T08:38:30,26.43,76.04,34.29,0,0
2024-06-15T08:38:31,14.27,70.61,31.85,0,0
2024-06-15T08:38:32,18.44,74.6,33.89,0,0
2024-06-15T08:38:33,23.36,74.42,42.08,0,0
2024-06-15T08:38:34,26.56,72.05,45.35,0,0
2024-06-15T08:38:35,21.94,74.17,49.08,0,0
2024-06-15T08:38:36,25.52,72.63,40.54,0,0
2024-06-15T08:38:37,23.12,74.32,46.68,1,0
2024-06-15T08:38:38,23.12,79.58,29.76,0,0
2024-06-15T08:38:39,21.51,72.73,46.83,0,0
2024-06-15T08:38:40,15.53,75.87,36.96,0,0
2024-06-15T08:38:41,19.06,71.38,38.28,0,0
2024-06-15T08:38:42,26.34,74.94,47.02,0,0
2024-06-15T08:38:43,28.66,75.66,37.53,1,1
2024-06-15T08:38:44,15.64,75.27,37.14,1,1
2024-06-15T08:38:45,24.34,80.59,51.62,1,1
2024-06-15T08:38:46,20.73,83.3,50.92,0,1
2024-06-15T08:38:47,31.12,86.61,64.68,0,1
2024-06-15T08:38:48,30.75,81.5,86.66,0,1
2024-06-15T08:38:49,21.83,77.81,58.98,1,1
2024-06-15T08:38:50,33.67,83.96,94.0,0,1
2024-06-15T08:38:51,28.65,98.37,96.23,1,1
2024-06-15T08:38:52,38.61,93.11,84.84,0,1
2024-06-15T08:38:53,27.57,78.58,75.02,1,1
2024-06-15T08:38:54,25.82,100.93,123.77,1,1
2024-06-15T08:38:55,40.19,104.15,101.81,0,1
2024-06-15T08:38:56,30.69,99.93,75.01,1,1
2024-06-15T08:38:57,31.86,113.09,73.2,1,1
2024-06-15T08:38:58,31.95,117.4,97.43,1,1
2024-06-15T08:38:59,30.83,98.54,117.0,0,1
2024-06-15T08:39:00,39.1,106.29,162.83,1,1
2024-06-15T08:39:01,38.67,102.12,78.95,1,1
2024-06-15T08:39:02,44.33,103.33,114.19,0,1
2024-06-15T08:39:03,41.08,108.09,131.02,1,1
2024-06-15T08:39:04,38.21,104.42,79.71,1,1
2024-06-15T08:39:05,32.08,119.79,174.16,0,1
2024-06-15T08:39:06,32.41,104.44,83.15,0,1
2024-06-15T08:39:07,37.28,121.24,121.13,0,1
2024-06-15T08:39:08,45.07,131.68,105.33,1,1
2024-06-15T08:39:09,29.67,119.56,172.2,0,1
2024-06-15T08:39:10,55.49,126.36,204.37,0,1
2024-06-15T08:39:11,42.6,143.13,188.18,1,1
2024-06-15T08:39:12,36.34,130.93,151.62,1,1
2024-06-15T08:39:13,46.12,149.31,242.69,0,1
2024-06-15T08:39:14,40.41,126.88,156.87,0,1
2024-06-15T08:39:15,54.29,138.92,118.48,0,1
2024-06-15T08:39:16,43.58,170.52,212.43,0,1
2024-06-15T08:39:17,44.74,128.35,280.39,0,1
2024-06-15T08:39:18,48.15,144.63,157.99,0,1
2024-06-15T08:39:19,56.68,150.63,183.36,1,1
2024-06-15T08:39:20,54.9,106.48,202.96,1,1
2024-06-15T08:39:21,61.92,179.72,182.54,0,1
2024-06-15T08:39:22,63.19,146.93,277.82,0,1
2024-06-15T08:39:23,51.29,148.42,317.18,1,1
2024-06-15T08:39:24,61.91,191.73,268.54,0,1
2024-06-15T08:39:25,39.3,154.65,251.71,0,1
2024-06-15T08:39:26,64.11,150.0,288.23,1,1
2024-06-15T08:39:27,51.62,194.05,236.77,1,1
2024-06-15T08:39:28,59.6,145.6,363.97,1,1
2024-06-15T08:39:29,56.1,169.67,217.88,0,1
2024-06-15T08:39:30,53.17,202.7,173.52,1,1
2024-06-15T08:39:31,38.38,192.07,360.93,1,1
2024-06-15T08:39:32,68.79,137.05,326.78,1,1
2024-06-15T08:39:33,50.75,112.19,350.66,1,1
2024-06-15T08:39:34,74.03,221.86,262.01,1,1
2024-06-15T08:39:35,49.37,161.44,175.68,0,1
2024-06-15T08:39:36,55.27,182.09,222.87,0,1
2024-06-15T08:39:37,46.82,139.32,335.03,1,1
2024-06-15T08:39:38,59.6,155.53,272.6,0,1
2024-06-15T08:39:39,61.63,224.86,369.09,0,1
2024-06-15T08:39:40,57.88,146.12,191.8,0,1
2024-06-15T08:39:41,52.29,186.13,276.22,0,1
2024-06-15T08:39:42,51.18,173.57,340.07,1,1
2024-06-15T08:39:43,99.9,322.82,1522.88,1,1
2024-06-15T08:39:44,21.55,73.61,34.1,0,0
2024-06-15T08:39:45,24.97,76.34,51.67,0,0
2024-06-15T08:39:46,14.88,77.66,62.04,0,0
2024-06-15T08:39:47,20.19,79.74,39.89,0,0
2024-06-15T08:39:48,16.51,74.24,50.39,0,0
2024-06-15T08:39:49,18.65,73.5,46.75,0,0
2024-06-15T08:39:50,22.01,76.46,43.9,0,0
2024-06-15T08:39:51,23.92,73.92,43.85,0,0
2024-06-15T08:39:52,18.29,78.22,36.93,0,0
2024-06-15T08:39:53,26.52,74.42,43.62,0,0
2024-06-15T08:39:54,20.02,72.46,28.04,0,0
2024-06-15T08:39:55,17.78,74.19,43.7,0,0
2024-06-15T08:39:56,26.04,73.89,34.94,0,0
2024-06-15T08:39:57,16.23,76.2,53.07,0,0
2024-06-15T08:39:58,27.07,76.77,47.11,0,0
2024-06-15T08:39:59,28.79,75.83,47.17,0,0
2024-06-15T08:40:00,20.72,71.59,36.53,0,0
2024-06-15T08:40:01,21.96,75.15,57.41,0,0
2024-06-15T08:40:02,22.33,77.95,38.52,0,0
2024-06-15T08:40:03,20.75,71.68,36.06,0,0
2024-06-15T08:40:04,24.11,75.02,49.54,0,0
2024-06-15T08:40:05,22.73,74.12,59.19,0,0
2024-06-15T08:40:06,21.62,77.91,38.79,1,0
2024-06-15T08:40:07,24.84,77.32,43.67,0,0
2024-06-15T08:40:08,12.58,75.05,51.84,0,0
2024-06-15T08:40:09,24.11,76.11,28.22,0,0
2024-06-15T08:40:10,19.12,76.03,45.28,0,0
2024-06-15T08:40:11,26.86,74.64,45.25,0,0
2024-06-15T08:40:12,22.07,72.53,23.95,0,0
2024-06-15T08:40:13,23.72,75.43,37.05,0,0
2024-06-15T08:40:14,15.52,76.57,39.87,0,0
2024-06-15T08:40:15,24.23,79.66,24.87,0,0
2024-06-15T08:40:16,19.2,74.48,53.64,0,0
2024-06-15T08:40:17,15.45,79.84,43.09,0,0
2024-06-15T08:40:18,21.62,74.5,38.51,0,0
2024-06-15T08:40:19,26.19,72.33,44.76,0,0
2024-06-15T08:40:20,20.46,73.09,62.69,0,0
2024-06-15T08:40:21,23.68,76.53,51.1,0,0
2024-06-15T08:40:22,16.31,79.38,21.93,0,0
2024-06-15T08:40:23,18.92,73.85,46.65,0,0
2024-06-15T08:40:24,22.87,74.58,41.9,0,0
2024-06-15T08:40:25,18.09,71.26,47.81,0,0
2024-06-15T08:40:26,24.77,78.96,35.68,0,0
2024-06-15T08:40:27,24.77,74.29,51.52,0,0
2024-06-15T08:40:28,26.09,75.53,39.28,0,0
2024-06-15T08:40:29,25.84,76.62,36.52,1,0
2024-06-15T08:40:30,16.69,74.28,54.12,0,0
2024-06-15T08:40:31,26.59,72.22,32.66,0,0
2024-06-15T08:40:32,27.1,72.16,46.07,0,0
2024-06-15T08:40:33,19.54,79.04,35.84,0,0
2024-06-15T08:40:34,26.57,75.46,44.02,0,0
2024-06-15T08:40:35,14.12,69.49,40.24,0,0
2024-06-15T08:40:36,22.99,72.19,33.29,0,0
2024-06-15T08:40:37,24.25,76.41,40.9,0,0
2024-06-15T08:40:38,25.12,72.06,39.15,0,0
2024-06-15T08:40:39,28.59,75.17,43.01,0,0
2024-06-15T08:40:40,31.22,71.5,48.37,0,0
2024-06-15T08:40:41,28.66,74.19,48.88,0,0
2024-06-15T08:40:42,18.07,73.28,45.08,0,0
2024-06-15T08:40:43,25.19,77.8,54.56,0,0
2024-06-15T08:40:44,21.73,77.98,39.26,0,0
2024-06-15T08:40:45,25.61,75.52,45.57,0,0
2024-06-15T08:40:46,23.69,70.99,33.01,0,0
2024-06-15T08:40:47,22.41,70.78,48.65,0,0
2024-06-15T08:40:48,25.49,75.82,33.03,0,0
2024-06-15T08:40:49,27.52,80.09,43.18,0,0
2024-06-15T08:40:50,24.04,75.5,46.24,0,0
2024-06-15T08:40:51,21.52,74.91,49.25,0,0
2024-06-15T08:40:52,31.38,71.5,41.17,0,0
2024-06-15T08:40:53,17.28,78.98,37.3,0,0
2024-06-15T08:40:54,16.23,76.6,55.95,0,0
2024-06-15T08:40:55,24.65,75.51,45.27,0,0
2024-06-15T08:40:56,27.66,72.81,41.11,0,0
2024-06-15T08:40:57,20.19,72.08,39.37,0,0
2024-06-15T08:40:58,26.43,76.42,47.15,1,0
2024-06-15T08:40:59,22.59,76.31,35.6,0,0
2024-06-15T08:41:00,20.76,75.48,44.22,0,0
2024-06-15T08:41:01,23.28,74.65,38.98,0,0
2024-06-15T08:41:02,34.63,77.27,45.31,0,0
2024-06-15T08:41:03,21.07,73.87,40.95,0,0
2024-06-15T08:41:04,23.17,70.3,29.44,0,0
2024-06-15T08:41:05,19.45,75.52,40.09,0,0
2024-06-15T08:41:06,27.91,71.29,35.99,0,0
2024-06-15T08:41:07,28.08,75.33,49.08,0,0
2024-06-15T08:41:08,30.2,73.27,41.21,0,0
2024-06-15T08:41:09,20.91,70.11,39.52,0,0
2024-06-15T08:41:10,25.52,76.35,46.95,0,0
2024-06-15T08:41:11,20.5,73.36,52.15,0,0
2024-06-15T08:41:12,20.01,75.74,43.31,0,0
2024-06-15T08:41:13,27.85,77.43,31.64,0,0
2024-06-15T08:41:14,17.25,76.45,41.49,0,0
2024-06-15T08:41:15,20.18,77.54,43.5,0,0
2024-06-15T08:41:16,22.21,76.95,39.0,0,0
2024-06-15T08:41:17,28.27,73.03,47.26,0,0
2024-06-15T08:41:18,27.74,71.56,39.25,0,0
2024-06-15T08:41:19,26.57,77.89,40.63,0,0
2024-06-15T08:41:20,19.06,77.39,51.47,0,0
2024-06-15T08:41:21,17.34,71.99,43.8,0,0
2024-06-15T08:41:22,24.52,74.25,47.43,1,0
2024-06-15T08:41:23,19.16,69.71,38.61,0,0
2024-06-15T08:41:24,22.25,74.31,32.73,0,0
2024-06-15T08:41:25,14.74,73.71,49.18,0,0
2024-06-15T08:41:26,27.02,77.97,35.47,0,0
2024-06-15T08:41:27,17.39,76.24,47.08,0,0
2024-06-15T08:41:28,23.6,69.96,35.06,0,0
2024-06-15T08:41:29,21.88,76.22,48.14,0,0
2024-06-15T08:41:30,22.58,75.83,42.68,0,0
2024-06-15T08:41:31,24.74,75.78,42.53,0,0
2024-06-15T08:41:32,20.93,75.2,45.88,0,0
2024-06-15T08:41:33,23.07,75.95,52.74,0,0
2024-06-15T08:41:34,23.06,73.38,49.07,0,0
2024-06-15T08:41:35,16.54,72.3,44.69,0,0
2024-06-15T08:41:36,24.07,71.89,38.94,0,0
2024-06-15T08:41:37,19.58,73.78,49.55,0,0
2024-06-15T08:41:38,24.83,74.95,37.63,0,0
2024-06-15T08:41:39,16.6,78.55,46.74,0,0
2024-06-15T08:41:40,19.17,76.8,41.44,0,0
2024-06-15T08:41:41,20.85,76.09,36.07,0,0
2024-06-15T08:41:42,20.62,75.3,38.0,0,0
2024-06-15T08:41:43,24.68,79.67,35.97,0,0
2024-06-15T08:41:44,15.34,70.0,40.8,0,0
2024-06-15T08:41:45,19.35,75.52,43.06,0,0
2024-06-15T08:41:46,15.59,70.46,44.37,0,0
2024-06-15T08:41:47,22.54,73.94,28.74,0,0
2024-06-15T08:41:48,23.89,78.18,44.22,0,0
2024-06-15T08:41:49,18.61,75.11,31.07,0,0
2024-06-15T08:41:50,26.23,75.2,27.85,0,0
2024-06-15T08:41:51,20.8,76.16,39.34,0,0
2024-06-15T08:41:52,20.9,71.94,46.53,0,0
2024-06-15T08:41:53,19.41,69.61,39.03,0,0
2024-06-15T08:41:54,25.92,74.03,55.9,0,0
2024-06-15T08:41:55,23.72,75.85,40.97,0,0
2024-06-15T08:41:56,21.73,74.34,39.58,0,0
2024-06-15T08:41:57,24.12,72.66,33.39,0,0
2024-06-15T08:41:58,17.51,80.11,46.24,0,0
2024-06-15T08:41:59,23.22,72.36,46.99,0,0
2024-06-15T08:42:00,21.53,75.54,34.19,0,0
2024-06-15T08:42:01,22.64,73.94,35.88,0,0
2024-06-15T08:42:02,24.94,71.16,46.52,0,0
2024-06-15T08:42:03,24.74,72.8,35.44,0,0
2024-06-15T08:42:04,21.11,75.71,40.78,0,0
2024-06-15T08:42:05,23.73,79.41,37.94,0,0
2024-06-15T08:42:06,15.14,77.06,55.47,0,0
2024-06-15T08:42:07,23.57,72.28,41.01,0,0
2024-06-15T08:42:08,17.53,76.61,31.19,0,0
2024-06-15T08:42:09,20.8,72.49,43.01,0,0
2024-06-15T08:42:10,20.53,75.44,42.18,0,0
2024-06-15T08:42:11,18.05,76.57,41.61,0,0
2024-06-15T08:42:12,18.05,80.6,45.81,0,0
2024-06-15T08:42:13,21.39,78.54,56.73,0,0
2024-06-15T08:42:14,21.42,75.87,34.1,0,0
2024-06-15T08:42:15,21.41,74.5,43.48,0,0
2024-06-15T08:42:16,23.33,76.4,43.9,0,0
2024-06-15T08:42:17,17.16,72.65,37.63,0,0
2024-06-15T08:42:18,20.87,77.63,32.7,0,0
2024-06-15T08:42:19,20.57,77.38,39.6,0,0
2024-06-15T08:42:20,23.84,74.65,44.05,0,0
2024-06-15T08:42:21,21.09,76.67,29.64,0,0
2024-06-15T08:42:22,20.55,75.74,46.27,0,0
2024-06-15T08:42:23,27.97,74.02,53.84,0,0
2024-06-15T08:42:24,19.36,78.32,48.54,0,0
2024-06-15T08:42:25,18.35,75.77,41.59,0,0
2024-06-15T08:42:26,24.5,74.44,39.54,0,0
2024-06-15T08:42:27,27.48,74.75,48.61,0,0
2024-06-15T08:42:28,21.1,79.17,36.57,0,0
2024-06-15T08:42:29,19.54,78.81,38.44,0,0
2024-06-15T08:42:30,28.4,77.23,40.76,0,0
2024-06-15T08:42:31,14.75,74.95,42.81,0,0
2024-06-15T08:42:32,26.67,78.97,36.52,0,0
2024-06-15T08:42:33,25.2,76.91,50.59,0,0
2024-06-15T08:42:34,23.99,70.14,40.76,0,0
2024-06-15T08:42:35,17.38,74.49,49.84,0,0
2024-06-15T08:42:36,23.22,77.87,44.73,0,0
2024-06-15T08:42:37,16.81,68.7,43.19,0,0
2024-06-15T08:42:38,21.14,72.56,28.39,0,0
2024-06-15T08:42:39,19.06,74.51,47.33,0,0
2024-06-15T08:42:40,22.75,79.02,33.72,0,0
2024-06-15T08:42:41,25.52,75.12,47.56,0,0
2024-06-15T08:42:42,20.25,77.68,44.36,0,0
2024-06-15T08:42:43,19.28,74.97,40.08,0,0
2024-06-15T08:42:44,23.96,72.05,41.77,0,0
2024-06-15T08:42:45,23.58,75.08,52.78,0,1
2024-06-15T08:42:46,19.95,79.22,36.43,1,1
2024-06-15T08:42:47,23.84,79.87,53.99,1,1
2024-06-15T08:42:48,22.37,80.14,53.04,0,1
2024-06-15T08:42:49,25.2,80.35,62.99,1,1
2024-06-15T08:42:50,20.57,87.12,85.06,0,1
2024-06-15T08:42:51,24.6,86.76,66.47,0,1
2024-06-15T08:42:52,22.0,92.78,58.59,1,1
2024-06-15T08:42:53,23.33,94.67,82.02,0,1
2024-06-15T08:42:54,29.14,87.65,90.93,0,1
2024-06-15T08:42:55,27.1,98.39,120.06,1,1
2024-06-15T08:42:56,29.14,101.86,80.08,1,1
2024-06-15T08:42:57,29.56,88.78,121.52,0,1
2024-06-15T08:42:58,35.72,89.11,127.49,1,1
2024-06-15T08:42:59,33.98,91.69,142.79,0,1
2024-06-15T08:43:00,34.23,111.74,93.86,1,1
2024-06-15T08:43:01,34.17,101.28,124.59,0,1
2024-06-15T08:43:02,37.07,112.06,130.54,0,1
2024-06-15T08:43:03,33.36,123.25,114.15,0,1
2024-06-15T08:43:04,35.54,86.89,135.98,1,1
2024-06-15T08:43:05,32.85,109.66,76.27,1,1
2024-06-15T08:43:06,47.35,120.53,178.32,0,1
2024-06-15T08:43:07,40.39,125.64,154.4,1,1
2024-06-15T08:43:08,41.68,112.79,111.98,0,1
2024-06-15T08:43:09,48.22,99.0,108.57,0,1
2024-06-15T08:43:10,40.95,116.09,97.25,0,1
2024-06-15T08:43:11,53.29,106.59,106.67,0,1
2024-06-15T08:43:12,35.52,99.77,87.59,0,1
2024-06-15T08:43:13,35.61,120.78,252.61,1,1
2024-06-15T08:43:14,42.47,137.07,189.45,0,1
2024-06-15T08:43:15,57.15,146.26,158.81,0,1
2024-06-15T08:43:16,39.49,99.18,236.88,1,1
2024-06-15T08:43:17,33.91,112.03,245.49,0,1
2024-06-15T08:43:18,59.87,145.81,253.99,0,1
2024-06-15T08:43:19,47.45,162.21,241.23,1,1
2024-06-15T08:43:20,49.33,140.58,130.17,0,1
2024-06-15T08:43:21,44.93,120.55,295.35,0,1
2024-06-15T08:43:22,50.75,123.66,214.41,0,1
2024-06-15T08:43:23,54.38,180.45,294.19,1,1
2024-06-15T08:43:24,50.87,187.38,326.19,1,1
2024-06-15T08:43:25,59.85,115.95,252.02,1,1
2024-06-15T08:43:26,52.77,125.48,169.58,0,1
2024-06-15T08:43:27,54.78,150.15,145.85,1,1
2024-06-15T08:43:28,43.65,135.37,227.82,0,1
2024-06-15T08:43:29,56.29,174.96,290.94,0,1
2024-06-15T08:43:30,66.25,187.52,133.2,1,1
2024-06-15T08:43:31,55.19,196.6,309.87,1,1
2024-06-15T08:43:32,65.98,202.75,263.31,1,1
2024-06-15T08:43:33,60.23,133.17,236.48,0,1
2024-06-15T08:43:34,44.27,222.34,197.54,1,1
2024-06-15T08:43:35,69.74,187.77,191.45,0,1
2024-06-15T08:43:36,79.76,213.78,299.21,1,1
2024-06-15T08:43:37,76.91,115.16,421.81,1,1
2024-06-15T08:43:38,60.43,123.39,239.14,1,1
2024-06-15T08:43:39,59.74,234.98,436.49,0,1
2024-06-15T08:43:40,65.18,183.33,186.6,0,1
2024-06-15T08:43:41,77.23,196.15,275.95,0,1
2024-06-15T08:43:42,83.61,136.22,125.04,1,1
2024-06-15T08:43:43,70.92,241.59,308.34,0,1
2024-06-15T08:43:44,54.15,113.85,335.07,0,1
2024-06-15T08:43:45,99.9,317.85,1812.88,1,1
2024-06-15T08:43:46,24.44,74.17,44.6,0,0
2024-06-15T08:43:47,23.92,72.48,43.35,0,0
2024-06-15T08:43:48,13.35,76.21,47.28,0,0
2024-06-15T08:43:49,24.99,74.01,44.47,0,0
2024-06-15T08:43:50,27.7,78.53,41.77,0,0
2024-06-15T08:43:51,22.56,77.78,29.99,0,0
2024-06-15T08:43:52,20.71,78.34,49.8,0,0
2024-06-15T08:43:53,23.48,71.24,41.6,0,0
2024-06-15T08:43:54,19.64,75.83,35.53,1,0
2024-06-15T08:43:55,17.9,69.84,51.77,0,0
2024-06-15T08:43:56,20.4,75.39,41.98,0,0
2024-06-15T08:43:57,17.73,71.85,33.96,0,0
2024-06-15T08:43:58,19.11,75.92,35.63,0,0
2024-06-15T08:43:59,28.99,77.57,48.47,0,0
2024-06-15T08:44:00,21.52,78.79,40.26,0,0
2024-06-15T08:44:01,21.87,75.42,47.61,0,0
2024-06-15T08:44:02,24.55,73.81,37.74,0,0
2024-06-15T08:44:03,24.56,76.79,38.85,0,0
2024-06-15T08:44:04,15.65,74.48,46.99,0,0
2024-06-15T08:44:05,29.22,72.01,38.59,0,0
2024-06-15T08:44:06,20.44,78.39,41.72,0,0
2024-06-15T08:44:07,18.37,76.4,38.76,0,0
2024-06-15T08:44:08,17.1,72.77,55.87,0,0
2024-06-15T08:44:09,23.54,75.27,40.0,0,0
2024-06-15T08:44:10,23.17,75.7,44.34,0,0
2024-06-15T08:44:11,22.46,77.17,42.18,0,0
2024-06-15T08:44:12,18.09,73.47,26.17,0,0
2024-06-15T08:44:13,30.11,77.16,35.36,0,0
2024-06-15T08:44:14,20.87,73.41,54.34,0,0
2024-06-15T08:44:15,16.32,75.29,41.13,0,0
2024-06-15T08:44:16,25.31,74.74,27.93,0,0
2024-06-15T08:44:17,21.0,72.57,42.64,0,0
2024-06-15T08:44:18,27.74,70.65,35.6,0,0
2024-06-15T08:44:19,19.79,74.05,47.92,0,0
2024-06-15T08:44:20,21.31,76.04,36.99,0,0
2024-06-15T08:44:21,22.92,76.94,36.14,0,0
2024-06-15T08:44:22,25.13,75.13,50.36,0,0
2024-06-15T08:44:23,21.19,75.95,41.68,0,0
2024-06-15T08:44:24,21.62,75.65,46.29,0,0
2024-06-15T08:44:25,17.0,78.58,27.12,0,0
2024-06-15T08:44:26,19.26,74.76,45.3,0,0
2024-06-15T08:44:27,28.3,70.35,37.94,0,0
2024-06-15T08:44:28,13.49,75.08,44.17,0,0
2024-06-15T08:44:29,28.36,75.3,50.35,0,0
2024-06-15T08:44:30,24.34,73.91,30.73,0,0
2024-06-15T08:44:31,23.1,71.27,52.36,0,0
2024-06-15T08:44:32,21.35,77.99,38.16,0,0
2024-06-15T08:44:33,23.08,75.52,41.64,0,0
2024-06-15T08:44:34,20.27,75.98,34.59,0,0
2024-06-15T08:44:35,17.16,78.11,47.82,0,0
2024-06-15T08:44:36,22.26,79.16,39.86,0,0
2024-06-15T08:44:37,27.29,75.44,33.8,0,0
2024-06-15T08:44:38,29.39,77.48,41.03,0,0
2024-06-15T08:44:39,24.91,73.99,48.63,0,0
2024-06-15T08:44:40,12.44,72.45,49.83,0,0
2024-06-15T08:44:41,21.0,75.52,31.23,0,0
2024-06-15T08:44:42,29.39,77.98,40.39,0,0
2024-06-15T08:44:43,20.38,77.57,57.86,0,0
2024-06-15T08:44:44,25.82,80.43,34.62,0,0
2024-06-15T08:44:45,18.72,72.03,45.53,0,0
2024-06-15T08:44:46,22.7,74.62,48.47,0,0
2024-06-15T08:44:47,26.93,71.19,37.22,0,0
2024-06-15T08:44:48,25.28,73.83,35.61,0,0
2024-06-15T08:44:49,26.07,71.78,39.59,0,0
2024-06-15T08:44:50,23.31,73.57,48.27,0,0
2024-06-15T08:44:51,19.72,78.52,40.99,1,0
2024-06-15T08:44:52,24.69,76.87,36.98,0,0
2024-06-15T08:44:53,13.79,75.9,42.58,0,0
2024-06-15T08:44:54,24.22,74.43,38.56,0,0
2024-06-15T08:44:55,30.03,71.32,47.87,0,0
2024-06-15T08:44:56,19.7,74.16,39.46,0,0
2024-06-15T08:44:57,18.79,76.43,53.13,0,0
2024-06-15T08:44:58,23.88,75.26,34.11,0,0
2024-06-15T08:44:59,24.07,80.39,38.95,0,0
2024-06-15T08:45:00,20.5,73.6,38.08,0,0
2024-06-15T08:45:01,11.02,76.01,35.24,0,0
2024-06-15T08:45:02,15.56,76.88,33.34,0,0
2024-06-15T08:45:03,20.65,78.67,30.73,0,0
2024-06-15T08:45:04,15.87,75.67,51.2,1,0
2024-06-15T08:45:05,15.7,76.02,46.65,0,0
2024-06-15T08:45:06,13.76,77.0,49.01,0,0
2024-06-15T08:45:07,20.75,78.13,51.09,1,0
2024-06-15T08:45:08,22.41,73.87,34.22,0,0
2024-06-15T08:45:09,21.85,76.42,39.41,0,0
2024-06-15T08:45:10,13.21,78.17,43.52,0,0
2024-06-15T08:45:11,20.48,77.14,54.2,0,0
2024-06-15T08:45:12,10.79,76.09,30.59,0,0
2024-06-15T08:45:13,24.0,75.32,47.09,0,0
2024-06-15T08:45:14,20.0,70.32,38.4,0,0
2024-06-15T08:45:15,23.63,77.54,32.63,0,0
2024-06-15T08:45:16,26.11,73.38,44.9,0,0
2024-06-15T08:45:17,19.96,75.46,49.14,0,0
2024-06-15T08:45:18,17.09,73.3,43.48,0,0
2024-06-15T08:45:19,31.61,72.84,58.32,0,0
2024-06-15T08:45:20,30.02,74.76,39.61,0,0
2024-06-15T08:45:21,19.23,74.83,30.75,0,0
2024-06-15T08:45:22,21.7,78.74,37.11,0,0
2024-06-15T08:45:23,21.04,70.75,44.99,0,0
2024-06-15T08:45:24,23.06,75.16,40.27,0,0
2024-06-15T08:45:25,20.83,76.25,41.77,0,0
2024-06-15T08:45:26,23.26,75.54,50.99,0,0
2024-06-15T08:45:27,24.71,75.48,54.15,0,0
2024-06-15T08:45:28,23.68,78.26,46.86,0,0
2024-06-15T08:45:29,14.63,78.26,43.08,0,0
2024-06-15T08:45:30,21.79,75.7,39.24,0,0
2024-06-15T08:45:31,22.91,73.52,52.19,0,0
2024-06-15T08:45:32,21.55,74.04,34.6,0,0
2024-06-15T08:45:33,23.08,75.47,45.11,0,0
2024-06-15T08:45:34,17.89,71.0,47.0,0,0
2024-06-15T08:45:35,27.94,72.43,54.72,0,0
2024-06-15T08:45:36,23.14,74.98,38.82,0,0
2024-06-15T08:45:37,16.46,77.47,35.8,0,0
2024-06-15T08:45:38,18.88,77.48,26.94,0,0
2024-06-15T08:45:39,15.91,74.95,44.35,0,0
2024-06-15T08:45:40,23.94,74.25,62.24,0,0
2024-06-15T08:45:41,21.09,74.42,35.62,0,0
2024-06-15T08:45:42,22.5,76.54,51.63,0,0
2024-06-15T08:45:43,16.04,74.39,45.57,1,0
2024-06-15T08:45:44,24.35,75.02,46.34,0,0
2024-06-15T08:45:45,18.76,78.89,49.94,0,0
2024-06-15T08:45:46,16.62,72.31,33.62,0,0
2024-06-15T08:45:47,24.71,71.79,39.35,0,0
2024-06-15T08:45:48,23.82,74.83,44.07,0,0
2024-06-15T08:45:49,17.74,76.49,37.09,0,0
2024-06-15T08:45:50,20.7,75.59,42.82,0,0
2024-06-15T08:45:51,22.1,73.12,39.6,1,0
2024-06-15T08:45:52,22.01,71.56,38.3,0,0
2024-06-15T08:45:53,23.55,71.81,51.25,0,0
2024-06-15T08:45:54,27.08,71.89,52.86,0,0
2024-06-15T08:45:55,21.43,76.05,38.03,0,0
2024-06-15T08:45:56,25.69,76.02,35.49,0,0
2024-06-15T08:45:57,17.34,71.35,43.5,0,0
2024-06-15T08:45:58,24.29,76.63,41.06,0,0
2024-06-15T08:45:59,17.37,73.29,51.22,0,0
2024-06-15T08:46:00,20.06,75.36,33.39,0,0
2024-06-15T08:46:01,23.35,73.86,50.37,0,0
2024-06-15T08:46:02,25.09,73.76,40.99,0,0
2024-06-15T08:46:03,19.8,71.45,35.14,0,0
2024-06-15T08:46:04,22.79,75.81,43.19,0,0
2024-06-15T08:46:05,20.79,77.33,42.51,0,0
2024-06-15T08:46:06,24.81,70.57,10.62,0,0
2024-06-15T08:46:07,23.14,71.44,40.3,0,0
2024-06-15T08:46:08,20.79,78.97,45.2,0,0
2024-06-15T08:46:09,22.66,77.09,44.95,0,0
2024-06-15T08:46:10,20.17,77.68,33.12,0,0
2024-06-15T08:46:11,23.29,71.13,43.63,0,0
2024-06-15T08:46:12,22.77,79.19,29.48,0,0
2024-06-15T08:46:13,19.6,77.06,44.68,0,0
2024-06-15T08:46:14,22.72,72.61,37.27,0,0
2024-06-15T08:46:15,26.98,74.87,45.0,0,0
2024-06-15T08:46:16,21.54,72.04,49.47,0,0
2024-06-15T08:46:17,24.01,80.76,33.88,0,0
2024-06-15T08:46:18,25.29,71.72,43.26,0,0
2024-06-15T08:46:19,25.91,69.82,40.36,1,0
2024-06-15T08:46:20,19.75,73.25,45.08,0,0
2024-06-15T08:46:21,26.48,74.67,43.64,0,0
2024-06-15T08:46:22,22.46,75.0,33.29,0,0
2024-06-15T08:46:23,26.43,75.74,45.16,0,0
2024-06-15T08:46:24,18.77,73.85,40.59,1,0
2024-06-15T08:46:25,15.86,70.78,37.19,0,0
2024-06-15T08:46:26,24.09,73.37,33.85,0,0
2024-06-15T08:46:27,18.74,73.86,39.17,0,0
2024-06-15T08:46:28,30.66,77.64,50.2,0,0
2024-06-15T08:46:29,26.67,72.5,32.22,0,0
2024-06-15T08:46:30,17.57,78.34,37.62,0,0
2024-06-15T08:46:31,16.99,73.92,40.09,0,0
2024-06-15T08:46:32,23.07,75.63,35.37,0,0
2024-06-15T08:46:33,24.74,73.4,40.75,0,0
2024-06-15T08:46:34,24.75,73.4,37.45,0,0
2024-06-15T08:46:35,24.37,72.86,38.92,0,0
2024-06-15T08:46:36,24.22,80.14,46.84,0,0
2024-06-15T08:46:37,23.89,76.33,33.41,0,0
2024-06-15T08:46:38,22.46,74.93,44.57,0,0
2024-06-15T08:46:39,22.47,75.95,39.51,0,0
2024-06-15T08:46:40,22.23,71.93,39.44,0,0
2024-06-15T08:46:41,27.56,75.8,41.83,1,0
2024-06-15T08:46:42,29.58,71.6,33.12,0,0
2024-06-15T08:46:43,28.85,75.11,40.06,0,0
2024-06-15T08:46:44,17.2,76.12,46.36,0,0
2024-06-15T08:46:45,17.62,74.65,39.32,0,0
2024-06-15T08:46:46,23.02,72.2,52.02,0,0
2024-06-15T08:46:47,25.66,74.09,40.27,0,0
2024-06-15T08:46:48,21.45,73.05,38.45,0,0
2024-06-15T08:46:49,20.92,79.03,49.57,0,0
2024-06-15T08:46:50,25.74,75.92,33.06,0,0
2024-06-15T08:46:51,21.83,77.43,31.93,0,0
2024-06-15T08:46:52,24.55,80.81,50.49,0,0
2024-06-15T08:46:53,27.66,75.55,49.74,0,0
2024-06-15T08:46:54,19.13,76.99,47.24,0,0
2024-06-15T08:46:55,23.16,78.29,37.69,0,0
2024-06-15T08:46:56,21.25,75.24,33.76,0,0
2024-06-15T08:46:57,22.91,70.7,50.38,0,0
2024-06-15T08:46:58,22.19,73.7,35.33,0,0
2024-06-15T08:46:59,21.06,76.72,46.38,0,0
2024-06-15T08:47:00,19.18,72.88,47.26,0,0
2024-06-15T08:47:01,19.11,75.15,42.99,0,0
2024-06-15T08:47:02,23.25,77.15,31.9,0,0
2024-06-15T08:47:03,14.36,73.58,56.41,0,0
2024-06-15T08:47:04,30.09,79.58,40.46,0,0
2024-06-15T08:47:05,14.87,69.14,37.09,0,0
2024-06-15T08:47:06,21.21,78.25,48.94,0,0
2024-06-15T08:47:07,22.91,72.78,34.31,0,0
2024-06-15T08:47:08,23.02,76.74,45.14,0,0
2024-06-15T08:47:09,17.86,76.63,45.41,0,0
2024-06-15T08:47:10,17.72,73.04,47.51,0,0
2024-06-15T08:47:11,21.06,78.97,46.01,0,0
2024-06-15T08:47:12,20.05,74.97,42.51,0,0
2024-06-15T08:47:13,19.09,72.72,47.61,0,0
2024-06-15T08:47:14,25.38,76.51,54.12,0,0
2024-06-15T08:47:15,19.83,79.19,34.79,0,0
2024-06-15T08:47:16,17.95,70.6,38.43,0,0
2024-06-15T08:47:17,19.99,76.31,43.95,0,0
2024-06-15T08:47:18,17.23,74.02,39.03,0,0
2024-06-15T08:47:19,14.9,72.55,35.83,1,0
2024-06-15T08:47:20,27.73,75.48,47.3,0,0
2024-06-15T08:47:21,16.01,77.99,52.41,0,0
2024-06-15T08:47:22,14.01,73.24,45.97,0,0
2024-06-15T08:47:23,24.58,73.3,39.56,0,0
2024-06-15T08:47:24,19.61,75.28,51.58,0,0
2024-06-15T08:47:25,18.92,77.5,35.75,0,0
2024-06-15T08:47:26,18.61,77.05,49.38,0,0
2024-06-15T08:47:27,25.41,71.71,38.27,0,0
2024-06-15T08:47:28,25.29,75.1,33.41,0,0
2024-06-15T08:47:29,23.83,73.21,56.36,0,0
2024-06-15T08:47:30,28.18,76.51,52.89,0,0
2024-06-15T08:47:31,22.26,76.91,53.82,0,0
2024-06-15T08:47:32,22.98,74.36,28.36,0,0
2024-06-15T08:47:33,21.67,77.06,49.57,0,0
2024-06-15T08:47:34,24.02,73.65,26.19,0,0
2024-06-15T08:47:35,20.02,74.24,39.5,0,0
2024-06-15T08:47:36,24.47,79.96,42.99,0,0
2024-06-15T08:47:37,21.13,74.35,43.0,0,0
2024-06-15T08:47:38,18.69,75.3,45.61,0,0
2024-06-15T08:47:39,22.84,76.14,45.47,0,0
2024-06-15T08:47:40,14.91,76.59,36.63,0,0
2024-06-15T08:47:41,17.62,72.24,45.47,0,0
2024-06-15T08:47:42,21.11,70.8,45.82,0,0
2024-06-15T08:47:43,16.24,75.35,43.91,0,0
2024-06-15T08:47:44,25.54,79.45,31.08,0,0
2024-06-15T08:47:45,21.79,74.31,45.47,0,0
2024-06-15T08:47:46,22.86,74.12,38.47,0,0
2024-06-15T08:47:47,17.53,77.47,45.67,0,0
2024-06-15T08:47:48,25.67,74.22,36.75,0,0
2024-06-15T08:47:49,17.69,75.9,33.68,0,0
2024-06-15T08:47:50,29.39,71.73,44.19,0,0
2024-06-15T08:47:51,28.27,76.5,43.41,0,0
2024-06-15T08:47:52,18.13,71.55,48.16,0,0
2024-06-15T08:47:53,28.02,73.9,32.89,0,0
2024-06-15T08:47:54,12.17,72.55,41.09,0,0
2024-06-15T08:47:55,28.4,76.68,44.44,0,0
2024-06-15T08:47:56,20.4,73.54,53.25,0,0
2024-06-15T08:47:57,22.8,69.74,36.61,0,0
2024-06-15T08:47:58,18.57,73.63,46.5,0,0
2024-06-15T08:47:59,21.57,74.81,52.51,0,0
2024-06-15T08:48:00,19.21,79.66,36.63,0,0
2024-06-15T08:48:01,22.36,74.3,42.99,0,0
2024-06-15T08:48:02,23.78,76.08,35.98,0,0
2024-06-15T08:48:03,17.51,81.26,38.13,0,0
2024-06-15T08:48:04,24.8,70.98,39.76,0,0
2024-06-15T08:48:05,21.49,76.18,20.22,0,0
2024-06-15T08:48:06,22.66,72.13,44.59,0,0
2024-06-15T08:48:07,17.85,72.86,39.81,0,0
2024-06-15T08:48:08,17.79,73.81,32.45,0,0
2024-06-15T08:48:09,14.67,77.54,31.63,0,0
2024-06-15T08:48:10,21.29,76.88,37.08,0,0
2024-06-15T08:48:11,18.7,75.57,50.94,0,0
2024-06-15T08:48:12,17.32,74.62,28.14,0,0
2024-06-15T08:48:13,20.43,75.09,35.16,0,0
2024-06-15T08:48:14,20.17,71.48,42.62,0,0
2024-06-15T08:48:15,26.22,72.26,37.02,1,0
2024-06-15T08:48:16,24.01,78.03,30.05,0,0
2024-06-15T08:48:17,21.32,75.71,41.18,0,0
2024-06-15T08:48:18,12.09,76.25,54.15,0,0
2024-06-15T08:48:19,22.47,72.42,37.89,0,0
2024-06-15T08:48:20,29.08,77.27,47.12,0,0
2024-06-15T08:48:21,23.43,73.35,40.4,0,0
2024-06-15T08:48:22,21.69,76.37,54.07,0,0
2024-06-15T08:48:23,26.47,71.45,43.79,0,0
2024-06-15T08:48:24,24.95,76.55,36.97,0,0
2024-06-15T08:48:25,33.66,71.81,33.33,0,0
2024-06-15T08:48:26,22.93,80.29,35.31,0,0
2024-06-15T08:48:27,20.94,77.69,41.86,0,0
2024-06-15T08:48:28,20.66,76.41,44.18,0,0
2024-06-15T08:48:29,26.12,78.23,44.46,0,0
2024-06-15T08:48:30,23.17,75.54,45.91,0,0
2024-06-15T08:48:31,22.22,75.0,51.57,0,0
2024-06-15T08:48:32,28.06,71.23,42.08,0,0
2024-06-15T08:48:33,19.25,74.22,45.22,0,0
2024-06-15T08:48:34,24.68,74.72,26.69,0,0
2024-06-15T08:48:35,18.14,77.24,20.08,0,0
2024-06-15T08:48:36,26.75,76.3,52.53,0,0
2024-06-15T08:48:37,21.21,69.85,45.44,0,0
2024-06-15T08:48:38,27.1,77.31,36.7,0,0
2024-06-15T08:48:39,22.35,73.67,35.45,0,0
2024-06-15T08:48:40,25.82,72.01,34.85,0,0
2024-06-15T08:48:41,17.58,71.27,43.17,0,0
2024-06-15T08:48:42,26.65,74.54,29.95,0,0
2024-06-15T08:48:43,25.36,79.21,36.83,0,0
2024-06-15T08:48:44,20.09,76.29,54.97,0,0
2024-06-15T08:48:45,19.92,71.67,47.05,0,0
2024-06-15T08:48:46,25.2,75.02,37.53,0,0
2024-06-15T08:48:47,25.98,76.32,35.85,0,0
2024-06-15T08:48:48,22.2,71.62,47.49,0,0
2024-06-15T08:48:49,20.95,73.91,41.74,0,0
2024-06-15T08:48:50,22.16,77.24,46.73,0,0
2024-06-15T08:48:51,21.37,76.91,45.21,0,0
2024-06-15T08:48:52,20.29,74.69,40.81,0,0
2024-06-15T08:48:53,24.02,74.08,38.88,0,0
2024-06-15T08:48:54,29.88,77.35,35.92,0,0
2024-06-15T08:48:55,24.28,75.3,45.13,0,0
2024-06-15T08:48:56,22.55,77.97,44.76,0,1
2024-06-15T08:48:57,22.17,77.11,60.06,0,1
2024-06-15T08:48:58,21.05,74.92,37.2,0,1
2024-06-15T08:48:59,18.57,82.51,77.21,0,1
2024-06-15T08:49:00,31.77,80.45,86.64,0,1
2024-06-15T08:49:01,21.58,91.96,66.8,1,1
2024-06-15T08:49:02,28.08,81.73,52.66,0,1
2024-06-15T08:49:03,30.97,89.47,77.25,0,1
2024-06-15T08:49:04,27.31,91.99,107.86,1,1
2024-06-15T08:49:05,28.57,101.5,110.06,0,1
2024-06-15T08:49:06,24.58,80.43,91.65,0,1
2024-06-15T08:49:07,28.59,83.54,60.64,0,1
2024-06-15T08:49:08,26.8,99.68,105.52,0,1
2024-06-15T08:49:09,31.42,109.8,85.8,0,1
2024-06-15T08:49:10,33.83,97.58,88.16,1,1
2024-06-15T08:49:11,26.87,109.34,66.44,0,1
2024-06-15T08:49:12,36.52,91.4,131.23,1,1
2024-06-15T08:49:13,28.78,113.32,159.52,0,1
2024-06-15T08:49:14,37.73,112.09,148.1,1,1
2024-06-15T08:49:15,28.23,85.77,115.4,0,1
2024-06-15T08:49:16,36.89,92.59,126.78,0,1
2024-06-15T08:49:17,37.19,116.2,155.26,1,1
2024-06-15T08:49:18,24.42,130.4,182.82,1,1
2024-06-15T08:49:19,37.36,91.11,73.79,0,1
2024-06-15T08:49:20,35.52,143.17,224.91,0,1
2024-06-15T08:49:21,41.95,122.69,204.77,0,1
2024-06-15T08:49:22,32.93,123.66,157.17,1,1
2024-06-15T08:49:23,47.64,132.62,228.42,1,1
2024-06-15T08:49:24,37.26,154.16,77.26,0,1
2024-06-15T08:49:25,48.97,146.33,142.02,1,1
2024-06-15T08:49:26,44.54,111.27,160.2,0,1
2024-06-15T08:49:27,41.22,97.57,168.59,0,1
2024-06-15T08:49:28,58.08,168.68,137.21,0,1
2024-06-15T08:49:29,46.38,125.52,128.1,1,1
2024-06-15T08:49:30,41.71,127.53,128.23,1,1
2024-06-15T08:49:31,51.39,100.21,126.84,1,1
2024-06-15T08:49:32,47.67,182.43,104.55,1,1
2024-06-15T08:49:33,49.28,114.11,230.08,0,1
2024-06-15T08:49:34,44.53,178.94,288.67,0,1
2024-06-15T08:49:35,45.94,152.16,319.23,1,1
2024-06-15T08:49:36,51.9,114.74,222.94,0,1
2024-06-15T08:49:37,38.53,149.62,161.03,0,1
2024-06-15T08:49:38,59.64,194.21,351.69,1,1
2024-06-15T08:49:39,58.43,117.54,269.09,0,1
2024-06-15T08:49:40,62.52,162.48,284.83,1,1
2024-06-15T08:49:41,48.52,176.28,101.09,0,1
2024-06-15T08:49:42,39.2,138.92,249.8,0,1
2024-06-15T08:49:43,64.55,199.64,202.98,1,1
2024-06-15T08:49:44,53.6,152.83,274.6,1,1
2024-06-15T08:49:45,54.12,209.93,175.38,1,1
2024-06-15T08:49:46,52.83,155.09,215.38,0,1
2024-06-15T08:49:47,67.22,124.86,367.78,0,1
2024-06-15T08:49:48,43.87,188.21,254.66,1,1
2024-06-15T08:49:49,80.8,191.06,363.6,1,1
2024-06-15T08:49:50,64.45,138.4,307.98,0,1
2024-06-15T08:49:51,75.43,115.87,169.49,1,1
2024-06-15T08:49:52,50.93,164.4,336.91,1,1
2024-06-15T08:49:53,68.81,128.89,194.63,1,1
2024-06-15T08:49:54,81.94,145.55,421.16,1,1
2024-06-15T08:49:55,79.93,163.94,405.56,1,1
2024-06-15T08:49:56,99.9,426.08,1221.17,1,1
2024-06-15T08:49:57,14.59,78.46,36.56,0,0
2024-06-15T08:49:58,22.73,75.74,44.99,0,0
2024-06-15T08:49:59,20.95,78.2,26.88,0,0
2024-06-15T08:50:00,20.32,76.12,45.66,0,0
2024-06-15T08:50:01,27.41,78.0,39.72,0,0
2024-06-15T08:50:02,27.2,73.21,49.45,0,0
2024-06-15T08:50:03,29.24,78.04,42.85,0,0
2024-06-15T08:50:04,20.67,71.18,44.48,0,0
2024-06-15T08:50:05,17.54,73.02,32.47,0,0
2024-06-15T08:50:06,20.16,74.93,44.19,0,0
2024-06-15T08:50:07,19.6,77.67,40.33,0,0
2024-06-15T08:50:08,18.85,75.57,57.71,0,0
2024-06-15T08:50:09,23.34,74.09,29.78,0,0
2024-06-15T08:50:10,21.12,75.59,38.9,0,0
2024-06-15T08:50:11,15.34,72.87,53.64,0,0
2024-06-15T08:50:12,27.74,72.78,47.38,0,0
2024-06-15T08:50:13,17.29,78.51,43.96,0,0
2024-06-15T08:50:14,25.8,70.71,47.42,0,0
2024-06-15T08:50:15,21.97,77.13,49.32,0,0
2024-06-15T08:50:16,22.26,73.5,48.24,0,0
2024-06-15T08:50:17,21.76,72.82,34.64,0,0
2024-06-15T08:50:18,16.09,73.72,50.82,0,0
2024-06-15T08:50:19,22.71,73.68,48.44,0,0
2024-06-15T08:50:20,18.67,75.24,40.56,0,0
2024-06-15T08:50:21,25.12,71.06,35.2,0,0
2024-06-15T08:50:22,15.45,74.35,51.69,0,0
2024-06-15T08:50:23,19.98,73.72,48.97,0,0
2024-06-15T08:50:24,26.27,74.78,47.48,0,0
2024-06-15T08:50:25,17.69,78.44,59.19,0,0
2024-06-15T08:50:26,24.08,69.79,37.53,0,0
2024-06-15T08:50:27,24.45,73.95,52.18,0,0
2024-06-15T08:50:28,24.35,73.23,42.26,0,0
2024-06-15T08:50:29,18.42,74.54,37.56,1,0
2024-06-15T08:50:30,26.7,80.29,30.55,0,0
2024-06-15T08:50:31,14.31,74.39,29.85,0,0
2024-06-15T08:50:32,22.18,76.87,53.95,0,0
2024-06-15T08:50:33,22.81,74.52,26.17,0,0
2024-06-15T08:50:34,22.1,75.18,47.11,0,0
2024-06-15T08:50:35,19.17,73.91,30.18,0,0
2024-06-15T08:50:36,12.83,72.23,29.44,0,0
2024-06-15T08:50:37,23.35,73.7,37.69,0,0
2024-06-15T08:50:38,18.06,66.92,54.07,0,0
2024-06-15T08:50:39,18.0,73.97,30.36,0,0
2024-06-15T08:50:40,25.89,75.36,35.39,0,0
2024-06-15T08:50:41,20.43,79.2,41.42,0,0
2024-06-15T08:50:42,21.27,72.65,26.84,0,0
2024-06-15T08:50:43,21.36,75.81,50.8,0,0
2024-06-15T08:50:44,13.01,72.19,37.35,0,0
2024-06-15T08:50:45,21.99,74.64,41.03,0,0
2024-06-15T08:50:46,23.63,72.74,49.47,0,0
2024-06-15T08:50:47,23.73,74.2,54.81,0,0
2024-06-15T08:50:48,28.23,77.33,17.85,0,0
2024-06-15T08:50:49,28.32,76.99,58.05,0,0
2024-06-15T08:50:50,26.95,78.95,49.03,0,0
2024-06-15T08:50:51,27.39,79.99,43.73,0,0
2024-06-15T08:50:52,15.71,74.23,45.12,0,0
2024-06-15T08:50:53,22.3,71.88,28.95,0,0
2024-06-15T08:50:54,19.04,77.02,54.64,0,0
2024-06-15T08:50:55,25.67,77.64,41.35,0,0
2024-06-15T08:50:56,15.03,73.86,39.93,1,0
2024-06-15T08:50:57,20.01,75.14,45.53,0,0
2024-06-15T08:50:58,25.41,74.3,26.77,0,0
2024-06-15T08:50:59,20.07,75.11,51.78,0,0
2024-06-15T08:51:00,19.73,76.28,44.32,0,0
2024-06-15T08:51:01,22.18,77.33,36.71,0,0
2024-06-15T08:51:02,19.7,74.97,36.88,0,0
2024-06-15T08:51:03,24.03,73.22,43.81,0,0
2024-06-15T08:51:04,21.6,75.54,38.32,0,0
2024-06-15T08:51:05,20.64,75.24,43.62,0,0
2024-06-15T08:51:06,21.98,79.26,34.07,0,0
2024-06-15T08:51:07,21.74,71.07,44.98,0,0
2024-06-15T08:51:08,17.54,74.3,39.02,0,0
2024-06-15T08:51:09,23.12,73.62,37.24,0,0
2024-06-15T08:51:10,27.74,75.71,37.51,0,0
2024-06-15T08:51:11,21.0,79.11,40.12,0,0
2024-06-15T08:51:12,19.24,73.29,37.61,0,0
2024-06-15T08:51:13,19.62,71.8,33.01,0,0
2024-06-15T08:51:14,18.68,76.48,38.95,0,0
2024-06-15T08:51:15,21.17,78.18,52.36,0,0
2024-06-15T08:51:16,20.87,73.42,35.08,0,0
2024-06-15T08:51:17,24.77,74.49,38.91,0,0
2024-06-15T08:51:18,18.75,73.08,44.56,0,0
2024-06-15T08:51:19,16.74,77.49,37.73,0,0
2024-06-15T08:51:20,21.4,71.66,41.9,0,0
2024-06-15T08:51:21,20.69,74.87,53.77,0,0
2024-06-15T08:51:22,22.71,73.01,36.31,0,0
2024-06-15T08:51:23,24.38,78.25,44.26,1,0
2024-06-15T08:51:24,24.75,76.52,53.35,0,0
2024-06-15T08:51:25,14.2,76.67,49.87,0,0
2024-06-15T08:51:26,16.65,72.79,35.19,0,0
2024-06-15T08:51:27,19.08,73.8,43.94,0,0
2024-06-15T08:51:28,25.46,77.7,35.3,0,0
2024-06-15T08:51:29,18.62,78.29,47.17,0,0
2024-06-15T08:51:30,22.33,76.18,41.76,0,0
2024-06-15T08:51:31,24.1,74.16,44.15,0,0
2024-06-15T08:51:32,15.96,73.28,36.58,0,0
2024-06-15T08:51:33,20.5,72.68,37.73,0,0
2024-06-15T08:51:34,15.94,76.37,41.34,0,0
2024-06-15T08:51:35,15.18,72.91,44.69,0,0
2024-06-15T08:51:36,19.83,73.26,41.4,0,0
2024-06-15T08:51:37,23.37,71.41,46.4,0,0
2024-06-15T08:51:38,18.8,74.96,41.72,0,0
2024-06-15T08:51:39,19.89,72.44,39.71,0,0
2024-06-15T08:51:40,28.5,71.6,55.54,0,0
2024-06-15T08:51:41,20.96,75.09,33.31,0,0
2024-06-15T08:51:42,18.91,73.74,33.63,0,0
2024-06-15T08:51:43,21.16,73.98,56.81,0,0
2024-06-15T08:51:44,17.34,75.26,43.98,0,0
2024-06-15T08:51:45,17.72,76.72,38.81,0,0
2024-06-15T08:51:46,12.03,76.65,33.06,0,0
2024-06-15T08:51:47,17.81,76.72,39.22,0,0
2024-06-15T08:51:48,25.67,78.03,36.84,0,0
2024-06-15T08:51:49,25.17,73.11,59.86,0,0
2024-06-15T08:51:50,19.23,77.57,48.75,0,0
2024-06-15T08:51:51,23.26,73.32,40.79,0,0
2024-06-15T08:51:52,13.39,75.56,44.8,0,0
2024-06-15T08:51:53,22.53,67.57,31.87,0,0
2024-06-15T08:51:54,19.01,75.73,44.31,0,0
2024-06-15T08:51:55,21.32,76.59,33.79,0,0
2024-06-15T08:51:56,24.44,76.19,45.02,0,0
2024-06-15T08:51:57,21.27,79.58,45.95,0,0
2024-06-15T08:51:58,18.13,75.62,48.02,1,0
2024-06-15T08:51:59,19.65,77.72,45.06,0,0
2024-06-15T08:52:00,12.63,75.75,38.75,0,0
2024-06-15T08:52:01,24.15,77.36,43.56,0,0
2024-06-15T08:52:02,28.66,74.55,47.0,0,0
2024-06-15T08:52:03,25.22,74.76,48.23,0,0
2024-06-15T08:52:04,19.62,73.94,31.5,0,0
2024-06-15T08:52:05,22.97,75.81,51.43,0,0
2024-06-15T08:52:06,25.16,74.29,32.57,0,0
2024-06-15T08:52:07,23.73,77.78,48.04,0,0
2024-06-15T08:52:08,26.34,74.47,38.27,0,0
2024-06-15T08:52:09,19.05,74.86,41.37,0,0
2024-06-15T08:52:10,22.83,74.68,40.93,0,0
2024-06-15T08:52:11,18.89,77.35,42.61,0,0
2024-06-15T08:52:12,21.3,73.13,31.34,0,0
2024-06-15T08:52:13,27.23,76.39,29.01,0,0
2024-06-15T08:52:14,25.05,77.31,43.0,0,0
2024-06-15T08:52:15,28.39,75.54,30.67,0,0
2024-06-15T08:52:16,23.46,75.61,37.17,0,0
2024-06-15T08:52:17,24.29,70.83,49.92,0,0
2024-06-15T08:52:18,18.49,72.54,41.09,0,0
2024-06-15T08:52:19,23.73,75.41,36.06,0,0
2024-06-15T08:52:20,19.98,72.17,40.2,0,0
2024-06-15T08:52:21,26.3,74.99,48.88,0,0
2024-06-15T08:52:22,27.82,73.53,40.51,0,0
2024-06-15T08:52:23,30.68,78.61,28.62,0,0
2024-06-15T08:52:24,23.55,75.0,48.61,0,0
2024-06-15T08:52:25,19.02,72.9,36.59,0,0
2024-06-15T08:52:26,19.71,77.04,32.55,0,0
2024-06-15T08:52:27,19.51,70.53,50.06,0,0
2024-06-15T08:52:28,27.08,74.18,39.62,0,0
2024-06-15T08:52:29,23.81,78.69,45.27,0,0
2024-06-15T08:52:30,19.21,70.95,33.08,0,0
2024-06-15T08:52:31,22.29,73.36,43.56,0,0
2024-06-15T08:52:32,19.79,72.35,32.58,0,0
2024-06-15T08:52:33,28.25,77.22,55.84,0,0
2024-06-15T08:52:34,24.16,73.93,52.59,0,0
2024-06-15T08:52:35,21.87,75.55,41.66,0,0
2024-06-15T08:52:36,10.21,79.01,45.93,0,0
2024-06-15T08:52:37,23.32,74.85,43.31,0,0
2024-06-15T08:52:38,19.61,76.54,31.54,0,0
2024-06-15T08:52:39,22.74,76.4,40.41,0,0
2024-06-15T08:52:40,23.48,72.52,34.27,0,0
2024-06-15T08:52:41,22.95,76.7,27.0,1,0
2024-06-15T08:52:42,24.09,73.64,40.46,0,0
2024-06-15T08:52:43,16.64,72.87,49.73,0,0
2024-06-15T08:52:44,22.13,74.04,41.07,0,0
2024-06-15T08:52:45,23.96,76.1,41.4,0,0
2024-06-15T08:52:46,26.37,77.43,45.31,0,0
2024-06-15T08:52:47,22.22,76.64,44.51,0,0
2024-06-15T08:52:48,26.24,77.25,33.85,0,0
2024-06-15T08:52:49,17.66,73.25,49.81,0,0
2024-06-15T08:52:50,15.69,75.99,44.9,0,0
2024-06-15T08:52:51,26.65,75.45,31.25,0,0
2024-06-15T08:52:52,18.16,72.05,37.7,0,0
2024-06-15T08:52:53,21.27,72.09,53.77,0,0
2024-06-15T08:52:54,16.7,78.37,51.48,0,0
2024-06-15T08:52:55,25.59,73.27,44.74,0,0
2024-06-15T08:52:56,16.89,77.28,41.41,0,0
2024-06-15T08:52:57,20.36,71.94,22.18,0,0
2024-06-15T08:52:58,17.85,77.78,38.78,0,0
2024-06-15T08:52:59,21.32,76.64,56.45,0,0
2024-06-15T08:53:00,27.3,72.57,26.46,0,0
2024-06-15T08:53:01,31.44,80.67,43.51,0,0
2024-06-15T08:53:02,16.92,77.41,41.14,0,0
2024-06-15T08:53:03,21.55,77.24,44.67,0,0
2024-06-15T08:53:04,17.26,74.19,47.29,1,0
2024-06-15T08:53:05,24.04,75.66,49.47,0,0
2024-06-15T08:53:06,20.55,75.45,15.0,1,0
2024-06-15T08:53:07,20.2,76.91,38.88,0,0
2024-06-15T08:53:08,20.14,72.4,50.03,0,0
2024-06-15T08:53:09,24.19,77.06,28.19,0,0
2024-06-15T08:53:10,21.36,74.3,39.76,0,0
2024-06-15T08:53:11,19.54,74.13,48.8,0,0
2024-06-15T08:53:12,14.35,79.44,45.87,0,0
2024-06-15T08:53:13,21.83,77.27,30.39,0,0
2024-06-15T08:53:14,19.34,74.7,52.92,0,0
2024-06-15T08:53:15,21.81,76.13,37.28,0,0
2024-06-15T08:53:16,23.95,79.19,49.96,0,0
2024-06-15T08:53:17,21.67,76.69,46.62,0,0
2024-06-15T08:53:18,24.03,77.78,50.84,0,0
2024-06-15T08:53:19,21.49,76.6,38.94,0,0
2024-06-15T08:53:20,18.31,74.33,41.39,0,0
2024-06-15T08:53:21,15.35,77.15,19.86,0,0
2024-06-15T08:53:22,32.86,78.75,39.91,0,0
2024-06-15T08:53:23,22.04,75.76,37.29,0,0
2024-06-15T08:53:24,22.77,74.64,41.25,0,0
2024-06-15T08:53:25,22.73,71.72,42.32,0,0
2024-06-15T08:53:26,22.65,75.32,40.27,0,0
2024-06-15T08:53:27,26.55,74.12,43.82,0,0
2024-06-15T08:53:28,27.19,74.8,43.72,0,0
2024-06-15T08:53:29,21.61,78.09,39.94,0,0
2024-06-15T08:53:30,27.13,74.74,35.12,0,0
2024-06-15T08:53:31,24.72,74.24,46.96,0,0
2024-06-15T08:53:32,11.08,75.01,38.32,0,0
2024-06-15T08:53:33,17.75,73.62,37.41,0,0
2024-06-15T08:53:34,21.81,71.58,44.53,0,0
2024-06-15T08:53:35,27.46,75.7,48.47,0,0
2024-06-15T08:53:36,26.38,78.09,56.96,0,0
2024-06-15T08:53:37,20.0,73.2,48.27,0,0
2024-06-15T08:53:38,24.83,76.94,57.11,0,0
2024-06-15T08:53:39,22.05,76.07,34.16,0,0
2024-06-15T08:53:40,30.54,74.16,39.53,0,0
2024-06-15T08:53:41,20.61,73.39,36.16,0,0
2024-06-15T08:53:42,19.91,71.59,35.72,0,0
2024-06-15T08:53:43,29.8,76.84,49.41,0,0
2024-06-15T08:53:44,26.71,79.59,27.83,0,0
2024-06-15T08:53:45,17.08,72.99,38.24,0,0
2024-06-15T08:53:46,20.8,73.88,43.75,0,0
2024-06-15T08:53:47,22.14,73.19,24.6,0,0
2024-06-15T08:53:48,18.03,73.63,40.02,0,0
2024-06-15T08:53:49,17.48,73.77,32.95,0,0
2024-06-15T08:53:50,21.5,72.32,35.21,0,0
2024-06-15T08:53:51,16.77,74.62,35.07,0,0
2024-06-15T08:53:52,25.63,76.01,41.44,0,0
2024-06-15T08:53:53,18.81,75.95,47.53,0,0
2024-06-15T08:53:54,22.57,79.01,45.68,0,0
2024-06-15T08:53:55,25.65,75.33,47.41,0,0
2024-06-15T08:53:56,18.81,73.85,44.79,0,0
2024-06-15T08:53:57,23.37,76.27,50.8,0,0
2024-06-15T08:53:58,16.3,72.56,43.84,0,0
2024-06-15T08:53:59,19.1,83.44,46.13,0,0
2024-06-15T08:54:00,21.69,73.71,38.16,0,0
2024-06-15T08:54:01,22.12,75.28,38.35,0,0
2024-06-15T08:54:02,20.91,78.36,53.08,0,0
2024-06-15T08:54:03,23.01,71.65,46.31,0,0
2024-06-15T08:54:04,28.22,78.42,47.88,0,0
2024-06-15T08:54:05,27.69,75.13,47.02,0,0
2024-06-15T08:54:06,19.28,75.73,52.64,0,0
2024-06-15T08:54:07,19.64,72.85,42.78,0,0
2024-06-15T08:54:08,21.09,76.62,38.37,0,0
2024-06-15T08:54:09,28.87,71.78,52.03,0,0
2024-06-15T08:54:10,18.94,70.51,43.9,0,0
2024-06-15T08:54:11,20.98,72.23,28.55,0,0
2024-06-15T08:54:12,21.97,77.44,46.68,0,0
2024-06-15T08:54:13,22.23,76.2,41.78,0,0
2024-06-15T08:54:14,16.28,71.45,40.37,0,0
2024-06-15T08:54:15,21.36,77.13,48.06,0,0
2024-06-15T08:54:16,24.42,74.3,30.95,0,0
2024-06-15T08:54:17,23.65,76.31,22.89,0,0
2024-06-15T08:54:18,18.66,73.27,42.95,0,0
2024-06-15T08:54:19,18.79,74.9,40.32,0,0
2024-06-15T08:54:20,21.36,73.21,36.89,0,0
2024-06-15T08:54:21,17.68,75.95,46.57,0,0
2024-06-15T08:54:22,18.92,78.8,39.48,0,0
2024-06-15T08:54:23,28.12,73.39,25.79,0,0
2024-06-15T08:54:24,23.61,75.62,42.28,0,1
2024-06-15T08:54:25,20.27,79.32,46.49,0,1
2024-06-15T08:54:26,22.57,77.68,47.23,0,1
2024-06-15T08:54:27,23.65,86.7,47.22,1,1
2024-06-15T08:54:28,17.15,81.74,46.82,1,1
2024-06-15T08:54:29,19.75,89.34,55.51,1,1
2024-06-15T08:54:30,23.68,85.05,73.1,1,1
2024-06-15T08:54:31,21.02,89.85,62.19,1,1
2024-06-15T08:54:32,23.74,86.98,81.97,0,1
2024-06-15T08:54:33,27.75,101.33,60.9,1,1
2024-06-15T08:54:34,37.88,102.11,93.6,0,1
2024-06-15T08:54:35,32.84,92.87,111.69,1,1
2024-06-15T08:54:36,23.01,86.09,93.78,0,1
2024-06-15T08:54:37,32.39,107.19,83.13,1,1
2024-06-15T08:54:38,29.1,112.06,143.28,0,1
2024-06-15T08:54:39,36.16,110.99,139.2,0,1
2024-06-15T08:54:40,35.2,120.22,145.05,0,1
2024-06-15T08:54:41,39.61,97.18,119.65,0,1
2024-06-15T08:54:42,33.77,128.16,115.07,0,1
2024-06-15T08:54:43,36.56,111.55,82.98,1,1
2024-06-15T08:54:44,39.53,97.93,107.13,1,1
2024-06-15T08:54:45,35.89,119.21,163.47,0,1
2024-06-15T08:54:46,46.6,124.66,177.77,0,1
2024-06-15T08:54:47,44.34,106.55,173.54,1,1
2024-06-15T08:54:48,40.49,145.89,207.98,0,1
2024-06-15T08:54:49,45.88,98.06,167.07,1,1
2024-06-15T08:54:50,42.16,142.6,84.59,1,1
2024-06-15T08:54:51,40.33,103.35,209.18,1,1
2024-06-15T08:54:52,51.02,100.24,212.27,0,1
2024-06-15T08:54:53,48.89,157.72,138.99,0,1
2024-06-15T08:54:54,36.61,117.34,110.82,0,1
2024-06-15T08:54:55,52.56,164.48,81.68,1,1
2024-06-15T08:54:56,56.26,134.79,137.83,1,1
2024-06-15T08:54:57,40.38,139.07,143.63,0,1
2024-06-15T08:54:58,45.65,105.51,157.32,0,1
2024-06-15T08:54:59,52.16,146.45,199.51,0,1
2024-06-15T08:55:00,40.4,171.31,279.95,1,1
2024-06-15T08:55:01,52.19,171.25,186.51,1,1
2024-06-15T08:55:02,39.84,185.81,167.29,0,1
2024-06-15T08:55:03,44.92,141.34,268.35,0,1
2024-06-15T08:55:04,48.84,140.4,331.62,1,1
2024-06-15T08:55:05,66.63,119.93,96.38,0,1
2024-06-15T08:55:06,52.96,97.24,226.32,1,1
2024-06-15T08:55:07,65.0,174.26,258.86,1,1
2024-06-15T08:55:08,38.02,188.53,191.06,1,1
2024-06-15T08:55:09,67.04,205.44,316.59,1,1
2024-06-15T08:55:10,62.18,207.97,182.35,1,1
2024-06-15T08:55:11,46.92,171.87,203.09,1,1
2024-06-15T08:55:12,44.48,105.15,197.28,1,1
2024-06-15T08:55:13,45.26,163.88,304.41,0,1
2024-06-15T08:55:14,74.58,159.5,333.9,0,1
2024-06-15T08:55:15,57.9,124.92,204.05,1,1
2024-06-15T08:55:16,68.82,202.03,231.65,1,1
2024-06-15T08:55:17,52.37,213.73,352.28,1,1
2024-06-15T08:55:18,59.61,198.67,318.79,0,1
2024-06-15T08:55:19,65.62,126.26,355.66,1,1
2024-06-15T08:55:20,49.2,170.99,247.68,1,1
2024-06-15T08:55:21,64.8,118.15,451.19,1,1
2024-06-15T08:55:22,60.4,235.4,267.52,1,1
2024-06-15T08:55:23,74.77,127.7,412.64,1,1
2024-06-15T08:55:24,89.18,398.1,1631.82,1,1
2024-06-15T08:55:25,21.53,76.05,17.73,0,0
2024-06-15T08:55:26,23.2,70.86,47.17,0,0
2024-06-15T08:55:27,27.9,72.68,39.91,1,0
2024-06-15T08:55:28,19.6,78.09,42.76,0,0
2024-06-15T08:55:29,28.91,76.03,43.94,0,0
2024-06-15T08:55:30,22.27,77.04,28.1,0,0
2024-06-15T08:55:31,22.34,74.82,47.8,0,0
2024-06-15T08:55:32,21.25,72.4,42.06,0,0
2024-06-15T08:55:33,17.67,70.19,47.82,0,0
2024-06-15T08:55:34,24.32,76.17,52.42,0,0
2024-06-15T08:55:35,19.34,71.42,41.44,1,0
2024-06-15T08:55:36,20.61,72.89,41.36,0,0
2024-06-15T08:55:37,19.55,70.41,38.47,0,0
2024-06-15T08:55:38,17.45,75.58,36.75,0,0
2024-06-15T08:55:39,26.45,79.01,47.44,0,0
2024-06-15T08:55:40,15.8,78.76,54.61,0,0
2024-06-15T08:55:41,22.08,78.31,37.59,0,0
2024-06-15T08:55:42,14.54,73.1,55.83,0,0
2024-06-15T08:55:43,16.04,75.0,42.27,0,0
2024-06-15T08:55:44,19.95,73.89,42.58,0,0
2024-06-15T08:55:45,19.75,71.44,43.72,0,0
2024-06-15T08:55:46,26.29,77.17,35.52,0,0
2024-06-15T08:55:47,17.0,74.29,54.54,0,0
2024-06-15T08:55:48,24.58,76.76,49.12,0,0
2024-06-15T08:55:49,23.68,75.3,47.3,0,0
2024-06-15T08:55:50,19.82,71.46,47.78,1,0
2024-06-15T08:55:51,26.95,72.2,48.58,0,0
2024-06-15T08:55:52,28.72,74.99,35.46,0,0
2024-06-15T08:55:53,22.49,73.62,37.07,0,0
2024-06-15T08:55:54,23.73,70.99,30.45,0,0
2024-06-15T08:55:55,22.08,74.94,44.75,1,0
2024-06-15T08:55:56,29.5,75.26,46.79,0,0
2024-06-15T08:55:57,18.1,76.92,37.79,1,0
2024-06-15T08:55:58,22.29,74.73,50.26,0,0
2024-06-15T08:55:59,16.76,69.29,40.29,0,0
2024-06-15T08:56:00,23.87,75.38,51.86,0,0
2024-06-15T08:56:01,23.75,73.59,23.4,0,0
2024-06-15T08:56:02,21.05,77.57,38.86,0,0
2024-06-15T08:56:03,22.11,76.05,33.88,0,0
2024-06-15T08:56:04,24.49,79.09,40.62,0,0
2024-06-15T08:56:05,17.48,74.83,24.2,0,0
2024-06-15T08:56:06,23.35,76.13,55.41,0,0
2024-06-15T08:56:07,21.22,76.02,35.11,0,0
2024-06-15T08:56:08,20.57,71.19,40.44,0,0
2024-06-15T08:56:09,20.78,75.75,37.01,0,0
2024-06-15T08:56:10,22.33,74.17,39.35,0,0
2024-06-15T08:56:11,22.32,75.1,48.09,0,0
2024-06-15T08:56:12,21.52,74.13,40.55,0,0
2024-06-15T08:56:13,19.14,74.1,58.25,0,0
2024-06-15T08:56:14,18.35,74.3,38.9,0,0
2024-06-15T08:56:15,21.01,74.17,44.23,0,0
2024-06-15T08:56:16,15.16,77.59,47.06,0,0
2024-06-15T08:56:17,17.03,69.33,34.18,0,0
2024-06-15T08:56:18,21.03,81.45,46.35,0,0
2024-06-15T08:56:19,14.77,73.28,41.57,0,0
2024-06-15T08:56:20,23.01,71.71,40.92,0,0
2024-06-15T08:56:21,19.13,72.24,44.08,0,0
2024-06-15T08:56:22,25.1,77.1,46.6,0,0
2024-06-15T08:56:23,20.01,76.79,44.47,0,0
2024-06-15T08:56:24,22.54,73.47,38.02,0,0
2024-06-15T08:56:25,22.3,81.1,44.41,0,0
2024-06-15T08:56:26,19.56,72.92,38.07,0,0
2024-06-15T08:56:27,30.71,74.0,49.25,0,0
2024-06-15T08:56:28,20.5,75.65,48.33,0,0
2024-06-15T08:56:29,19.71,73.4,55.27,0,0
2024-06-15T08:56:30,25.94,76.98,48.3,0,0
2024-06-15T08:56:31,23.84,80.04,42.35,0,0
2024-06-15T08:56:32,24.31,71.37,35.4,0,0
2024-06-15T08:56:33,17.2,78.19,21.58,0,0
2024-06-15T08:56:34,20.39,67.52,35.35,0,0
2024-06-15T08:56:35,20.04,78.46,45.17,0,0
2024-06-15T08:56:36,18.67,77.66,42.14,0,0
2024-06-15T08:56:37,22.15,71.99,34.08,0,0
2024-06-15T08:56:38,18.7,75.12,42.62,1,0
2024-06-15T08:56:39,28.18,75.96,20.34,0,0
2024-06-15T08:56:40,23.05,71.37,34.27,0,0
2024-06-15T08:56:41,18.75,73.34,31.0,0,0
2024-06-15T08:56:42,22.81,71.47,44.85,0,0
2024-06-15T08:56:43,30.95,71.68,39.72,0,0
2024-06-15T08:56:44,11.91,74.25,47.14,0,0
2024-06-15T08:56:45,24.88,75.19,49.11,0,0
2024-06-15T08:56:46,32.18,79.28,37.82,0,0
2024-06-15T08:56:47,16.2,73.98,34.42,0,0
2024-06-15T08:56:48,23.81,72.05,41.42,1,0
2024-06-15T08:56:49,25.35,74.75,34.43,0,0
2024-06-15T08:56:50,26.7,70.3,39.38,0,0
2024-06-15T08:56:51,21.83,75.04,43.44,0,0
2024-06-15T08:56:52,24.44,74.91,39.06,0,0
2024-06-15T08:56:53,20.37,73.47,48.3,0,0
2024-06-15T08:56:54,19.41,77.12,42.15,0,0
2024-06-15T08:56:55,19.91,76.55,36.18,0,0
2024-06-15T08:56:56,24.55,75.53,37.23,0,0
2024-06-15T08:56:57,24.11,76.37,51.26,0,0
2024-06-15T08:56:58,25.86,76.23,32.98,0,0
2024-06-15T08:56:59,31.79,71.49,49.59,0,0
2024-06-15T08:57:00,23.73,72.06,41.01,0,0
2024-06-15T08:57:01,21.68,78.26,36.29,0,0
2024-06-15T08:57:02,20.95,69.16,55.88,0,0
2024-06-15T08:57:03,17.72,75.82,41.19,0,0
2024-06-15T08:57:04,21.61,77.02,55.37,0,0
2024-06-15T08:57:05,23.01,76.64,44.63,0,0
2024-06-15T08:57:06,26.07,73.84,50.6,0,0
2024-06-15T08:57:07,26.44,77.71,36.72,0,0
2024-06-15T08:57:08,21.33,75.6,31.03,0,0
2024-06-15T08:57:09,28.38,74.97,44.27,0,0
2024-06-15T08:57:10,19.69,71.68,37.17,0,0
2024-06-15T08:57:11,22.88,76.68,43.29,0,0
2024-06-15T08:57:12,23.39,74.16,45.97,0,0
2024-06-15T08:57:13,27.93,76.76,48.48,0,0
2024-06-15T08:57:14,23.18,71.24,33.64,0,0
2024-06-15T08:57:15,23.82,74.97,45.52,0,0
2024-06-15T08:57:16,28.71,76.82,52.07,0,0
2024-06-15T08:57:17,22.38,72.98,41.54,0,0
2024-06-15T08:57:18,18.78,78.9,48.32,0,0
2024-06-15T08:57:19,24.08,78.09,25.84,0,0
2024-06-15T08:57:20,24.35,71.72,41.94,0,0
2024-06-15T08:57:21,20.75,76.65,43.83,0,0
2024-06-15T08:57:22,27.38,73.5,47.67,0,0
2024-06-15T08:57:23,22.65,70.91,34.65,0,0
2024-06-15T08:57:24,21.4,77.78,45.71,0,0
2024-06-15T08:57:25,17.33,74.65,58.14,0,0
2024-06-15T08:57:26,22.44,74.18,45.93,0,0
2024-06-15T08:57:27,25.05,73.86,46.02,0,0
2024-06-15T08:57:28,20.68,76.8,43.36,0,0
2024-06-15T08:57:29,23.93,73.1,35.43,0,0
2024-06-15T08:57:30,25.78,74.8,44.28,0,0
2024-06-15T08:57:31,20.77,77.25,37.14,0,0
2024-06-15T08:57:32,21.46,76.96,51.38,0,0
2024-06-15T08:57:33,19.9,79.9,44.51,0,0
2024-06-15T08:57:34,17.83,75.92,38.94,0,0
2024-06-15T08:57:35,23.74,74.89,42.59,0,0
2024-06-15T08:57:36,18.35,77.48,32.75,0,0
2024-06-15T08:57:37,17.56,75.92,54.82,0,0
2024-06-15T08:57:38,20.59,76.75,50.59,0,0
2024-06-15T08:57:39,25.26,74.22,33.27,0,0
2024-06-15T08:57:40,13.17,74.34,51.42,0,0
2024-06-15T08:57:41,17.5,76.75,34.4,0,0
2024-06-15T08:57:42,22.42,76.77,36.72,0,0
2024-06-15T08:57:43,22.68,73.96,47.64,0,0
2024-06-15T08:57:44,22.94,75.14,54.47,1,0
2024-06-15T08:57:45,24.65,73.27,41.31,0,0
2024-06-15T08:57:46,21.7,75.2,62.2,0,0
2024-06-15T08:57:47,23.48,69.91,37.66,0,0
2024-06-15T08:57:48,14.27,74.18,26.1,0,0
2024-06-15T08:57:49,18.51,71.2,45.07,0,0
2024-06-15T08:57:50,22.0,75.76,41.16,0,0
2024-06-15T08:57:51,16.42,76.28,57.38,0,0
2024-06-15T08:57:52,23.64,73.94,30.58,0,0
2024-06-15T08:57:53,18.37,76.13,50.58,0,0
2024-06-15T08:57:54,23.04,77.0,47.66,0,0
2024-06-15T08:57:55,24.03,73.35,43.39,0,0
2024-06-15T08:57:56,18.61,75.04,44.65,0,0
2024-06-15T08:57:57,28.72,71.73,45.85,0,0
2024-06-15T08:57:58,27.92,76.9,48.66,0,0
2024-06-15T08:57:59,24.35,78.25,33.3,0,0
2024-06-15T08:58:00,16.46,74.98,24.71,0,0
2024-06-15T08:58:01,26.92,78.05,38.53,0,0
2024-06-15T08:58:02,20.52,74.82,42.42,0,0
2024-06-15T08:58:03,22.51,76.4,40.62,0,0
2024-06-15T08:58:04,25.77,76.11,37.14,0,0
2024-06-15T08:58:05,27.34,71.6,41.26,0,0
2024-06-15T08:58:06,25.87,73.19,44.48,0,0
2024-06-15T08:58:07,24.17,72.85,41.42,0,0
2024-06-15T08:58:08,21.37,73.62,60.41,0,0
2024-06-15T08:58:09,18.95,77.51,38.86,0,0
2024-06-15T08:58:10,17.65,75.26,47.19,0,0
2024-06-15T08:58:11,25.68,78.91,65.56,0,0
2024-06-15T08:58:12,23.0,73.34,45.62,0,1
2024-06-15T08:58:13,21.55,71.94,61.99,0,1
2024-06-15T08:58:14,26.13,83.05,40.55,0,1
2024-06-15T08:58:15,26.23,77.87,58.45,0,1
2024-06-15T08:58:16,18.35,80.21,55.2,0,1
2024-06-15T08:58:17,28.11,86.3,62.59,0,1
2024-06-15T08:58:18,25.49,88.91,81.59,0,1
2024-06-15T08:58:19,22.67,78.22,60.19,0,1
2024-06-15T08:58:20,27.26,89.4,67.32,0,1
2024-06-15T08:58:21,37.22,94.93,62.02,0,1
2024-06-15T08:58:22,28.84,86.37,114.04,0,1
2024-06-15T08:58:23,32.26,99.62,115.86,1,1
2024-06-15T08:58:24,28.02,99.4,128.9,1,1
2024-06-15T08:58:25,37.73,103.34,104.22,0,1
2024-06-15T08:58:26,28.16,86.84,105.25,0,1
2024-06-15T08:58:27,36.13,100.29,64.17,1,1
2024-06-15T08:58:28,30.04,102.05,155.92,0,1
2024-06-15T08:58:29,42.41,115.95,144.01,0,1
2024-06-15T08:58:30,36.72,96.76,104.05,0,1
2024-06-15T08:58:31,34.38,105.69,104.35,1,1
2024-06-15T08:58:32,42.28,92.34,140.71,1,1
2024-06-15T08:58:33,42.41,131.14,180.2,0,1
2024-06-15T08:58:34,46.19,85.94,69.81,0,1
2024-06-15T08:58:35,46.02,142.2,95.62,0,1
2024-06-15T08:58:36,41.67,95.17,120.52,1,1
2024-06-15T08:58:37,40.4,130.89,152.35,1,1
2024-06-15T08:58:38,33.76,117.67,140.62,1,1
2024-06-15T08:58:39,42.84,98.18,230.76,1,1
2024-06-15T08:58:40,53.34,96.38,232.99,0,1
2024-06-15T08:58:41,47.42,120.87,114.3,0,1
2024-06-15T08:58:42,47.65,122.14,127.96,1,1
2024-06-15T08:58:43,46.5,122.93,229.27,1,1
2024-06-15T08:58:44,49.97,102.37,115.64,0,1
2024-06-15T08:58:45,53.3,120.98,159.83,0,1
2024-06-15T08:58:46,43.79,104.9,113.33,1,1
2024-06-15T08:58:47,48.52,144.48,133.73,1,1
2024-06-15T08:58:48,57.41,152.78,296.01,0,1
2024-06-15T08:58:49,61.15,107.47,247.81,1,1
2024-06-15T08:58:50,41.66,126.39,165.87,1,1
2024-06-15T08:58:51,67.18,111.8,143.07,1,1
2024-06-15T08:58:52,57.33,143.05,188.28,0,1
2024-06-15T08:58:53,40.35,159.48,275.23,1,1
2024-06-15T08:58:54,47.23,119.23,118.29,0,1
2024-06-15T08:58:55,57.01,112.83,174.91,0,1
2024-06-15T08:58:56,63.9,130.59,221.52,1,1
2024-06-15T08:58:57,57.18,200.31,236.97,1,1
2024-06-15T08:58:58,45.36,169.22,299.4,0,1
2024-06-15T08:58:59,49.76,124.38,299.96,1,1
2024-06-15T08:59:00,39.73,159.95,129.92,0,1
2024-06-15T08:59:01,55.48,172.22,132.39,1,1
2024-06-15T08:59:02,63.13,172.83,249.04,1,1
2024-06-15T08:59:03,49.15,193.29,174.54,1,1
2024-06-15T08:59:04,40.68,173.7,391.33,1,1
2024-06-15T08:59:05,58.22,190.47,408.84,1,1
2024-06-15T08:59:06,47.07,125.63,418.13,0,1
2024-06-15T08:59:07,51.05,230.51,368.21,1,1
2024-06-15T08:59:08,54.23,187.98,398.06,1,1
2024-06-15T08:59:09,85.65,145.51,268.9,1,1
2024-06-15T08:59:10,47.71,157.88,428.1,1,1
2024-06-15T08:59:11,42.01,165.22,180.61,1,1
2024-06-15T08:59:12,99.9,302.5,1489.04,1,1
2024-06-15T08:59:13,20.11,78.9,41.61,0,0
2024-06-15T08:59:14,17.01,72.15,44.78,1,0
2024-06-15T08:59:15,20.43,74.76,54.9,0,0
2024-06-15T08:59:16,19.2,75.15,53.36,0,0
2024-06-15T08:59:17,23.08,70.98,46.04,0,0
2024-06-15T08:59:18,17.35,78.52,35.42,1,0
2024-06-15T08:59:19,33.88,78.67,35.63,0,0
2024-06-15T08:59:20,22.08,76.88,48.27,0,0
2024-06-15T08:59:21,23.77,78.13,41.02,0,0
2024-06-15T08:59:22,20.53,74.13,48.87,0,0
2024-06-15T08:59:23,23.46,75.73,48.36,0,0
2024-06-15T08:59:24,13.8,75.78,43.75,0,0
2024-06-15T08:59:25,28.68,71.18,54.46,0,0
2024-06-15T08:59:26,22.3,76.22,55.41,0,0
2024-06-15T08:59:27,24.24,76.0,43.94,0,0
2024-06-15T08:59:28,20.07,74.93,36.28,0,0
2024-06-15T08:59:29,21.82,69.16,45.43,0,0
2024-06-15T08:59:30,21.51,74.16,43.76,0,0
2024-06-15T08:59:31,16.27,79.82,41.18,0,0
2024-06-15T08:59:32,21.42,72.59,42.19,0,0
2024-06-15T08:59:33,27.55,77.59,48.84,0,0
2024-06-15T08:59:34,24.19,74.1,30.4,0,0
2024-06-15T08:59:35,21.2,74.41,50.39,0,0
2024-06-15T08:59:36,23.24,79.03,51.58,0,0
2024-06-15T08:59:37,20.17,70.51,53.08,0,0
2024-06-15T08:59:38,27.44,71.58,54.07,0,0
2024-06-15T08:59:39,23.53,75.4,54.92,0,0
2024-06-15T08:59:40,27.38,76.63,45.79,0,0
2024-06-15T08:59:41,24.47,74.0,41.56,0,0
2024-06-15T08:59:42,18.39,74.17,39.07,0,0
2024-06-15T08:59:43,19.46,75.34,39.41,0,0
2024-06-15T08:59:44,24.01,70.94,41.09,0,0
2024-06-15T08:59:45,22.53,74.22,40.62,0,0
2024-06-15T08:59:46,15.66,75.89,47.18,1,0
2024-06-15T08:59:47,23.97,77.6,43.61,0,0
2024-06-15T08:59:48,23.91,75.39,47.5,0,0
2024-06-15T08:59:49,15.69,72.77,54.7,0,0
2024-06-15T08:59:50,12.16,74.65,51.38,0,0
2024-06-15T08:59:51,21.63,73.99,43.04,0,0
2024-06-15T08:59:52,20.59,75.08,36.53,0,0
2024-06-15T08:59:53,26.43,78.56,40.93,0,0
2024-06-15T08:59:54,16.45,73.69,40.53,0,0
2024-06-15T08:59:55,24.02,72.48,35.85,0,0
2024-06-15T08:59:56,24.04,77.35,37.03,0,0
2024-06-15T08:59:57,16.67,83.21,48.27,0,0
2024-06-15T08:59:58,20.93,77.17,41.0,0,0
2024-06-15T08:59:59,25.47,75.4,42.73,0,0
2024-06-15T09:00:00,21.55,71.38,57.5,0,0
2024-06-15T09:00:01,18.23,71.6,40.3,0,0
2024-06-15T09:00:02,18.15,74.87,47.5,0,0
2024-06-15T09:00:03,25.98,77.04,39.55,0,0
2024-06-15T09:00:04,22.2,76.02,27.94,0,0
2024-06-15T09:00:05,24.28,71.36,58.32,0,0
2024-06-15T09:00:06,20.38,74.54,35.84,0,0
2024-06-15T09:00:07,19.48,80.69,49.52,0,0
2024-06-15T09:00:08,15.8,78.76,51.55,0,0
2024-06-15T09:00:09,20.88,75.77,41.88,0,0
2024-06-15T09:00:10,29.89,73.01,43.17,0,0
2024-06-15T09:00:11,20.29,71.42,59.53,0,0
2024-06-15T09:00:12,17.27,75.55,28.07,0,0
2024-06-15T09:00:13,20.4,76.05,35.4,0,0
2024-06-15T09:00:14,24.35,74.33,51.28,0,0
2024-06-15T09:00:15,27.45,73.53,42.61,0,0
2024-06-15T09:00:16,22.73,76.55,42.12,0,0
2024-06-15T09:00:17,22.76,74.39,42.92,0,0
2024-06-15T09:00:18,27.19,76.62,47.61,0,0
2024-06-15T09:00:19,24.89,74.62,44.55,0,0
2024-06-15T09:00:20,17.66,78.17,19.74,1,0
2024-06-15T09:00:21,21.65,77.85,31.09,0,0
2024-06-15T09:00:22,23.6,73.3,39.05,0,0
2024-06-15T09:00:23,25.78,75.5,25.73,0,0
2024-06-15T09:00:24,18.09,77.44,45.59,0,0
2024-06-15T09:00:25,28.99,79.21,39.26,0,0
2024-06-15T09:00:26,32.01,75.06,34.3,0,0
2024-06-15T09:00:27,19.47,69.36,54.86,0,0
2024-06-15T09:00:28,28.38,72.46,40.18,0,0
2024-06-15T09:00:29,22.38,72.6,27.96,0,0
2024-06-15T09:00:30,21.16,74.2,38.89,0,0
2024-06-15T09:00:31,22.89,78.57,39.58,0,0
2024-06-15T09:00:32,22.68,76.82,46.43,0,0
2024-06-15T09:00:33,19.54,75.24,46.38,0,0
2024-06-15T09:00:34,17.49,78.16,53.45,0,0
2024-06-15T09:00:35,19.11,75.48,47.14,0,0
2024-06-15T09:00:36,19.82,76.2,43.31,0,0
2024-06-15T09:00:37,16.13,76.15,33.2,0,0
2024-06-15T09:00:38,25.76,73.32,40.71,0,0
2024-06-15T09:00:39,27.49,76.24,33.36,0,0
2024-06-15T09:00:40,17.94,73.5,45.16,0,0
2024-06-15T09:00:41,23.43,72.89,32.66,0,0
2024-06-15T09:00:42,23.13,74.55,59.26,0,0
2024-06-15T09:00:43,22.15,79.54,32.64,0,0
2024-06-15T09:00:44,15.71,72.2,51.51,0,0
2024-06-15T09:00:45,29.02,73.04,38.32,0,0
2024-06-15T09:00:46,17.32,70.47,47.75,1,0
2024-06-15T09:00:47,22.89,75.03,30.8,0,0
2024-06-15T09:00:48,28.56,73.74,46.27,0,0
2024-06-15T09:00:49,16.18,74.52,44.33,0,0
2024-06-15T09:00:50,23.31,75.39,45.96,0,0
2024-06-15T09:00:51,17.48,75.49,42.91,0,0
2024-06-15T09:00:52,22.93,75.18,31.81,0,0
2024-06-15T09:00:53,16.73,69.46,48.54,0,0
2024-06-15T09:00:54,25.31,77.11,44.45,0,0
2024-06-15T09:00:55,13.47,72.43,43.36,0,0
2024-06-15T09:00:56,22.54,74.44,44.95,0,0
2024-06-15T09:00:57,22.05,75.3,36.89,0,0
2024-06-15T09:00:58,25.93,73.92,31.35,0,0
2024-06-15T09:00:59,18.92,74.13,49.95,0,0
2024-06-15T09:01:00,21.83,74.53,32.01,0,0
2024-06-15T09:01:01,25.14,73.37,41.2,0,0
2024-06-15T09:01:02,27.92,76.27,28.97,0,0
2024-06-15T09:01:03,14.92,74.84,32.3,0,0
2024-06-15T09:01:04,24.59,75.11,43.32,0,0
2024-06-15T09:01:05,19.17,79.35,64.74,0,0
2024-06-15T09:01:06,20.89,75.88,42.78,0,0
2024-06-15T09:01:07,20.96,72.92,33.32,0,0
2024-06-15T09:01:08,17.46,76.01,37.84,0,0
2024-06-15T09:01:09,11.69,76.11,41.69,0,0
2024-06-15T09:01:10,27.39,75.93,30.17,0,0
2024-06-15T09:01:11,13.08,73.2,37.0,0,0
2024-06-15T09:01:12,25.77,74.98,51.07,0,0
2024-06-15T09:01:13,16.7,77.41,47.77,0,0
2024-06-15T09:01:14,13.93,78.31,42.75,0,0
2024-06-15T09:01:15,23.57,72.84,52.2,0,0
2024-06-15T09:01:16,17.26,77.08,48.56,0,0
2024-06-15T09:01:17,18.1,79.96,43.85,0,0
2024-06-15T09:01:18,24.62,71.18,58.94,0,0
2024-06-15T09:01:19,17.1,77.56,34.04,0,0
2024-06-15T09:01:20,19.52,76.97,50.22,0,0
2024-06-15T09:01:21,16.91,77.73,50.36,0,0
2024-06-15T09:01:22,18.25,79.0,30.35,0,0
2024-06-15T09:01:23,19.5,76.2,35.17,0,0
2024-06-15T09:01:24,23.06,75.6,40.5,0,0
2024-06-15T09:01:25,25.33,74.43,43.85,0,0
2024-06-15T09:01:26,26.59,76.98,48.29,0,0
2024-06-15T09:01:27,17.4,76.31,34.97,0,0
2024-06-15T09:01:28,16.87,74.82,34.77,0,0
2024-06-15T09:01:29,25.16,77.04,26.78,0,0
2024-06-15T09:01:30,18.69,71.35,38.3,0,0
2024-06-15T09:01:31,23.82,74.39,37.28,0,0
2024-06-15T09:01:32,27.2,69.24,51.89,1,0
2024-06-15T09:01:33,19.82,74.8,37.78,0,0
2024-06-15T09:01:34,28.17,71.92,42.09,0,0
2024-06-15T09:01:35,24.11,70.97,34.64,0,0
2024-06-15T09:01:36,21.41,72.78,35.48,1,0
2024-06-15T09:01:37,20.6,76.62,39.26,0,0
2024-06-15T09:01:38,26.31,72.51,31.98,0,0
2024-06-15T09:01:39,29.71,73.36,31.51,0,0
2024-06-15T09:01:40,15.03,77.69,39.27,0,0
2024-06-15T09:01:41,20.99,74.6,50.1,0,0
2024-06-15T09:01:42,21.28,80.86,43.07,0,0
2024-06-15T09:01:43,26.25,77.01,41.71,0,0
2024-06-15T09:01:44,19.65,75.83,46.08,0,0
2024-06-15T09:01:45,19.71,75.42,51.89,0,0
2024-06-15T09:01:46,30.28,77.14,56.9,0,0
2024-06-15T09:01:47,19.48,76.75,52.71,0,0
2024-06-15T09:01:48,18.41,73.79,55.9,0,0
2024-06-15T09:01:49,18.1,71.65,54.22,0,0
2024-06-15T09:01:50,26.79,76.08,41.63,0,0
2024-06-15T09:01:51,20.25,75.7,54.64,0,0
2024-06-15T09:01:52,22.95,80.42,34.82,0,0
2024-06-15T09:01:53,21.92,74.07,33.32,0,0
2024-06-15T09:01:54,21.39,76.04,46.19,0,0
2024-06-15T09:01:55,30.68,76.16,51.2,0,0
2024-06-15T09:01:56,22.26,79.2,61.19,0,0
2024-06-15T09:01:57,24.12,72.52,37.61,0,0
2024-06-15T09:01:58,23.13,76.14,47.59,0,0
2024-06-15T09:01:59,23.84,75.02,36.91,0,1
2024-06-15T09:02:00,20.78,78.64,43.64,0,1
2024-06-15T09:02:01,24.71,81.39,48.91,0,1
2024-06-15T09:02:02,30.55,85.07,59.89,0,1
2024-06-15T09:02:03,30.82,87.65,40.66,0,1
2024-06-15T09:02:04,15.69,85.82,46.49,0,1
2024-06-15T09:02:05,25.3,90.94,63.6,1,1
2024-06-15T09:02:06,26.34,90.9,82.68,1,1
2024-06-15T09:02:07,29.81,87.51,80.66,0,1
2024-06-15T09:02:08,25.36,86.26,110.06,0,1
2024-06-15T09:02:09,32.04,89.85,93.59,0,1
2024-06-15T09:02:10,29.7,103.77,90.89,1,1
2024-06-15T09:02:11,27.64,83.41,113.96,0,1
2024-06-15T09:02:12,30.27,107.1,90.41,0,1
2024-06-15T09:02:13,32.96,104.55,119.98,0,1
2024-06-15T09:02:14,39.75,114.5,118.77,1,1
2024-06-15T09:02:15,31.64,104.95,110.55,1,1
2024-06-15T09:02:16,38.36,117.2,142.7,1,1
2024-06-15T09:02:17,34.76,89.85,176.43,0,1
2024-06-15T09:02:18,42.33,121.8,106.41,0,1
2024-06-15T09:02:19,44.42,133.74,100.92,0,1
2024-06-15T09:02:20,32.94,116.89,153.94,0,1
2024-06-15T09:02:21,29.3,94.08,183.14,1,1
2024-06-15T09:02:22,55.46,119.79,157.67,1,1
2024-06-15T09:02:23,41.74,142.04,200.97,0,1
2024-06-15T09:02:24,33.9,138.36,113.33,1,1
2024-06-15T09:02:25,36.53,122.16,195.77,0,1
2024-06-15T09:02:26,38.19,101.71,231.9,1,1
2024-06-15T09:02:27,52.44,108.03,159.9,0,1
2024-06-15T09:02:28,54.53,136.27,219.35,0,1
2024-06-15T09:02:29,48.27,153.17,166.45,1,1
2024-06-15T09:02:30,41.45,127.5,189.74,0,1
2024-06-15T09:02:31,53.61,170.91,187.28,0,1
2024-06-15T09:02:32,47.16,163.9,247.82,1,1
2024-06-15T09:02:33,56.23,104.8,229.62,0,1
2024-06-15T09:02:34,39.31,126.15,111.78,0,1
2024-06-15T09:02:35,34.71,146.66,136.03,1,1
2024-06-15T09:02:36,38.31,106.25,218.09,1,1
2024-06-15T09:02:37,49.31,173.68,262.55,1,1
2024-06-15T09:02:38,61.51,180.93,296.86,0,1
2024-06-15T09:02:39,55.87,166.37,300.05,0,1
2024-06-15T09:02:40,34.52,172.15,344.62,0,1
2024-06-15T09:02:41,50.97,132.23,174.16,1,1
2024-06-15T09:02:42,40.56,122.33,285.3,1,1
2024-06-15T09:02:43,42.74,193.62,244.35,1,1
2024-06-15T09:02:44,45.31,158.5,315.66,0,1
2024-06-15T09:02:45,56.25,152.94,391.37,1,1
2024-06-15T09:02:46,51.56,108.16,349.72,0,1
2024-06-15T09:02:47,38.78,150.06,393.0,0,1
2024-06-15T09:02:48,52.35,187.45,397.94,0,1
2024-06-15T09:02:49,67.97,111.36,401.03,1,1
2024-06-15T09:02:50,56.34,223.39,345.17,1,1
2024-06-15T09:02:51,66.31,195.45,251.37,0,1
2024-06-15T09:02:52,54.49,130.35,129.87,1,1
2024-06-15T09:02:53,58.35,143.19,395.6,0,1
2024-06-15T09:02:54,69.53,135.88,155.28,0,1
2024-06-15T09:02:55,79.7,122.64,333.92,0,1
2024-06-15T09:02:56,75.42,193.58,389.08,1,1
2024-06-15T09:02:57,77.48,208.49,320.14,1,1
2024-06-15T09:02:58,81.26,208.13,446.8,1,1
2024-06-15T09:02:59,99.9,413.22,1132.41,1,1
2024-06-15T09:03:00,17.79,72.56,41.59,0,0
2024-06-15T09:03:01,18.91,72.79,42.84,0,0
2024-06-15T09:03:02,15.98,72.48,58.43,0,0
2024-06-15T09:03:03,23.84,73.13,45.35,0,0
2024-06-15T09:03:04,24.27,77.49,40.98,0,0
2024-06-15T09:03:05,25.91,69.9,33.55,0,0
2024-06-15T09:03:06,22.66,75.82,34.71,0,0
2024-06-15T09:03:07,23.04,73.44,39.78,0,0
2024-06-15T09:03:08,26.1,77.27,34.02,0,0
2024-06-15T09:03:09,17.77,73.97,41.79,0,0
2024-06-15T09:03:10,19.37,77.6,44.78,0,0
2024-06-15T09:03:11,23.62,71.83,51.34,0,0
2024-06-15T09:03:12,10.72,77.09,49.47,0,0
2024-06-15T09:03:13,20.27,78.18,41.5,0,0
2024-06-15T09:03:14,22.25,75.85,67.49,0,0
2024-06-15T09:03:15,27.38,76.75,34.7,0,0
2024-06-15T09:03:16,22.57,72.97,48.58,0,0
2024-06-15T09:03:17,22.56,72.19,42.65,0,0
2024-06-15T09:03:18,18.6,75.38,35.13,0,0
2024-06-15T09:03:19,22.11,76.88,41.58,0,0
2024-06-15T09:03:20,20.44,75.51,47.58,0,0
2024-06-15T09:03:21,17.57,75.65,52.54,0,0
2024-06-15T09:03:22,24.29,75.14,47.12,0,0
2024-06-15T09:03:23,23.81,76.88,25.81,0,0
2024-06-15T09:03:24,15.79,77.51,29.96,0,0
2024-06-15T09:03:25,23.61,74.12,34.03,0,0
2024-06-15T09:03:26,23.4,75.5,58.88,0,0
2024-06-15T09:03:27,19.5,78.6,44.82,0,0
2024-06-15T09:03:28,19.36,77.0,46.53,0,0
2024-06-15T09:03:29,22.14,75.67,37.22,0,0
2024-06-15T09:03:30,18.7,76.9,40.21,0,0
2024-06-15T09:03:31,21.68,75.7,44.12,0,0
2024-06-15T09:03:32,16.28,78.22,42.97,0,0
2024-06-15T09:03:33,21.19,76.08,43.89,0,0
2024-06-15T09:03:34,25.07,76.34,47.74,0,0
2024-06-15T09:03:35,27.4,77.21,40.72,0,0
2024-06-15T09:03:36,17.51,79.17,40.1,0,0
2024-06-15T09:03:37,20.11,70.66,44.71,0,0
2024-06-15T09:03:38,22.6,71.21,45.63,0,0
2024-06-15T09:03:39,20.01,81.73,37.45,0,0
2024-06-15T09:03:40,20.26,72.81,52.22,0,0
2024-06-15T09:03:41,20.51,73.19,47.66,1,0
2024-06-15T09:03:42,16.48,76.56,56.25,0,0
2024-06-15T09:03:43,24.27,76.59,48.96,0,0
2024-06-15T09:03:44,28.84,78.02,45.52,0,0
2024-06-15T09:03:45,25.62,72.79,48.21,0,0
2024-06-15T09:03:46,17.98,74.08,17.34,0,0
2024-06-15T09:03:47,23.61,73.39,50.89,0,0
2024-06-15T09:03:48,23.56,77.81,33.33,0,0
2024-06-15T09:03:49,26.15,80.26,48.11,0,0
2024-06-15T09:03:50,25.16,75.42,37.8,0,0
2024-06-15T09:03:51,25.04,71.23,38.66,0,0
2024-06-15T09:03:52,14.92,73.24,47.14,0,0
2024-06-15T09:03:53,24.02,75.13,43.36,0,0
2024-06-15T09:03:54,14.46,74.07,36.55,0,0
2024-06-15T09:03:55,19.36,76.5,35.12,0,0
2024-06-15T09:03:56,19.58,69.78,39.65,0,0
2024-06-15T09:03:57,17.65,75.2,34.39,0,0
2024-06-15T09:03:58,22.42,74.64,55.38,0,0
2024-06-15T09:03:59,23.99,70.4,31.88,0,0
2024-06-15T09:04:00,22.22,72.68,18.25,1,0
2024-06-15T09:04:01,27.4,76.8,46.17,0,0
2024-06-15T09:04:02,19.57,76.07,36.37,0,0
2024-06-15T09:04:03,22.82,72.7,54.13,0,0
2024-06-15T09:04:04,15.72,78.08,42.31,1,0
2024-06-15T09:04:05,20.04,75.42,47.87,0,0
2024-06-15T09:04:06,27.47,75.78,34.87,0,0
2024-06-15T09:04:07,22.22,79.54,52.78,0,0
2024-06-15T09:04:08,25.64,76.99,47.6,0,0
2024-06-15T09:04:09,26.64,73.86,31.16,0,0
2024-06-15T09:04:10,22.28,72.96,33.56,0,0
2024-06-15T09:04:11,19.12,81.21,43.09,0,0
2024-06-15T09:04:12,23.45,71.94,27.25,0,0
2024-06-15T09:04:13,18.72,78.6,44.67,0,0
2024-06-15T09:04:14,24.39,76.85,37.27,1,0
2024-06-15T09:04:15,27.55,73.42,53.25,0,0
2024-06-15T09:04:16,23.77,70.53,36.02,0,0
2024-06-15T09:04:17,14.86,77.91,41.8,0,0
2024-06-15T09:04:18,13.09,75.94,37.7,0,0
2024-06-15T09:04:19,16.06,79.19,42.86,0,0
2024-06-15T09:04:20,20.83,74.0,29.89,0,0
2024-06-15T09:04:21,16.78,78.21,38.21,0,0
2024-06-15T09:04:22,22.09,69.89,31.46,0,0
2024-06-15T09:04:23,24.44,75.94,56.03,0,0
2024-06-15T09:04:24,27.37,74.42,45.78,1,0
2024-06-15T09:04:25,20.73,80.14,51.19,0,0
2024-06-15T09:04:26,22.68,75.5,53.56,0,0
2024-06-15T09:04:27,24.32,78.9,24.45,0,0
2024-06-15T09:04:28,23.84,73.71,56.05,0,0
2024-06-15T09:04:29,28.19,75.08,54.29,0,0
2024-06-15T09:04:30,29.13,75.19,61.78,1,0
2024-06-15T09:04:31,21.87,74.46,48.93,0,0
2024-06-15T09:04:32,20.58,75.21,53.28,0,0
2024-06-15T09:04:33,22.08,70.76,44.94,0,0
2024-06-15T09:04:34,19.21,77.16,47.57,0,0
2024-06-15T09:04:35,27.89,77.27,50.72,0,0
2024-06-15T09:04:36,19.32,77.01,57.75,0,0
2024-06-15T09:04:37,19.25,79.5,37.61,0,0
2024-06-15T09:04:38,18.59,75.74,47.73,0,0
2024-06-15T09:04:39,25.65,72.6,45.48,0,0
2024-06-15T09:04:40,19.26,71.28,34.57,0,0
2024-06-15T09:04:41,19.0,76.3,51.22,0,0
2024-06-15T09:04:42,16.11,75.88,32.59,0,0
2024-06-15T09:04:43,24.52,73.44,33.59,0,0
2024-06-15T09:04:44,25.2,73.53,39.47,1,0
2024-06-15T09:04:45,13.12,77.37,48.57,0,0
2024-06-15T09:04:46,22.02,71.18,51.67,0,0
2024-06-15T09:04:47,19.33,73.87,60.5,0,0
2024-06-15T09:04:48,19.19,76.86,46.5,0,0
2024-06-15T09:04:49,23.56,75.71,45.01,0,0
2024-06-15T09:04:50,23.09,74.87,54.09,0,0
2024-06-15T09:04:51,16.75,77.55,48.58,0,0
2024-06-15T09:04:52,24.79,77.79,41.26,0,0
2024-06-15T09:04:53,14.52,74.82,34.07,0,0
2024-06-15T09:04:54,19.07,71.89,38.18,0,0
2024-06-15T09:04:55,19.61,69.06,47.6,0,0
2024-06-15T09:04:56,30.88,76.52,40.38,0,0
2024-06-15T09:04:57,21.78,73.95,42.72,0,0
2024-06-15T09:04:58,21.85,72.9,55.46,0,0
2024-06-15T09:04:59,16.05,76.8,41.19,0,0
2024-06-15T09:05:00,29.6,75.85,39.12,0,0
2024-06-15T09:05:01,21.01,75.1,32.86,1,0
2024-06-15T09:05:02,18.93,70.54,34.62,0,0
2024-06-15T09:05:03,22.38,75.75,26.17,0,0
2024-06-15T09:05:04,21.45,76.41,40.7,0,0
2024-06-15T09:05:05,19.46,73.97,37.67,0,0
2024-06-15T09:05:06,19.45,75.43,60.46,0,0
2024-06-15T09:05:07,19.03,74.2,41.59,0,0
2024-06-15T09:05:08,19.25,77.75,23.03,0,0
2024-06-15T09:05:09,19.88,77.05,39.65,0,0
2024-06-15T09:05:10,18.72,76.1,49.25,0,0
2024-06-15T09:05:11,22.84,73.0,45.65,0,0
2024-06-15T09:05:12,20.39,76.86,53.87,0,0
2024-06-15T09:05:13,11.58,75.28,28.11,0,0
2024-06-15T09:05:14,31.77,73.83,47.97,0,0
2024-06-15T09:05:15,21.86,72.99,34.62,0,0
2024-06-15T09:05:16,28.34,77.39,57.55,0,0
2024-06-15T09:05:17,22.22,75.72,39.86,0,0
2024-06-15T09:05:18,20.85,72.4,42.67,0,0
2024-06-15T09:05:19,18.84,76.1,43.36,0,0
2024-06-15T09:05:20,23.15,79.19,41.7,0,0
2024-06-15T09:05:21,25.03,80.13,52.45,0,0
2024-06-15T09:05:22,26.61,74.23,43.84,0,0
2024-06-15T09:05:23,16.73,76.25,44.2,0,0
2024-06-15T09:05:24,22.09,77.57,32.34,0,0
2024-06-15T09:05:25,28.54,77.25,41.43,0,0
2024-06-15T09:05:26,21.41,76.2,54.17,0,0
2024-06-15T09:05:27,22.41,75.36,42.14,0,0
2024-06-15T09:05:28,29.13,74.08,41.76,0,0
2024-06-15T09:05:29,27.85,75.37,51.1,0,0
2024-06-15T09:05:30,18.35,74.49,53.88,0,0
2024-06-15T09:05:31,19.29,74.62,44.05,0,0
2024-06-15T09:05:32,18.04,73.97,42.9,0,0
2024-06-15T09:05:33,22.19,78.2,54.33,0,0
2024-06-15T09:05:34,18.58,75.28,47.39,0,0
2024-06-15T09:05:35,28.07,76.8,44.33,0,0
2024-06-15T09:05:36,24.67,76.68,34.58,0,0
2024-06-15T09:05:37,22.77,78.65,40.34,0,0
2024-06-15T09:05:38,22.52,74.39,23.49,0,0
2024-06-15T09:05:39,22.08,75.75,37.9,0,0
2024-06-15T09:05:40,17.38,72.8,48.11,0,0
2024-06-15T09:05:41,29.89,78.46,31.25,0,0
2024-06-15T09:05:42,25.42,73.34,37.34,0,0
2024-06-15T09:05:43,20.15,76.77,49.67,0,0
2024-06-15T09:05:44,21.61,74.8,45.71,0,0
2024-06-15T09:05:45,24.27,77.94,31.73,0,0
2024-06-15T09:05:46,22.08,72.33,41.59,0,0
2024-06-15T09:05:47,21.1,74.88,35.6,0,0
2024-06-15T09:05:48,16.05,69.76,40.95,0,0
2024-06-15T09:05:49,20.28,73.31,52.58,0,0
2024-06-15T09:05:50,18.56,78.54,54.99,0,0
2024-06-15T09:05:51,14.2,75.23,38.8,0,0
2024-06-15T09:05:52,10.35,71.39,48.2,0,0
2024-06-15T09:05:53,30.08,77.26,44.59,0,0
2024-06-15T09:05:54,21.91,79.21,59.19,0,0
2024-06-15T09:05:55,19.65,70.0,25.21,0,0
2024-06-15T09:05:56,27.29,74.88,43.47,0,0
2024-06-15T09:05:57,14.84,73.12,39.64,0,0
2024-06-15T09:05:58,22.83,74.0,33.7,0,0
2024-06-15T09:05:59,18.86,78.02,43.96,0,0
2024-06-15T09:06:00,24.45,72.75,18.37,0,0
2024-06-15T09:06:01,19.91,72.83,44.79,0,0
2024-06-15T09:06:02,35.14,76.74,63.89,0,1
2024-06-15T09:06:03,25.07,77.7,36.05,0,1
2024-06-15T09:06:04,18.06,78.95,64.38,0,1
2024-06-15T09:06:05,24.96,80.1,57.62,0,1
2024-06-15T09:06:06,22.98,86.94,64.35,1,1
2024-06-15T09:06:07,21.88,83.52,75.68,1,1
2024-06-15T09:06:08,29.57,86.33,64.11,0,1
2024-06-15T09:06:09,23.82,80.31,67.55,0,1
2024-06-15T09:06:10,28.1,99.25,64.17,0,1
2024-06-15T09:06:11,27.89,91.42,78.06,0,1
2024-06-15T09:06:12,30.36,88.86,69.43,0,1
2024-06-15T09:06:13,34.36,97.6,100.63,1,1
2024-06-15T09:06:14,31.24,90.9,97.98,1,1
2024-06-15T09:06:15,26.62,103.24,106.69,0,1
2024-06-15T09:06:16,33.9,95.76,71.11,0,1
2024-06-15T09:06:17,29.55,108.5,149.88,0,1
2024-06-15T09:06:18,26.05,105.38,116.02,0,1
2024-06-15T09:06:19,33.14,94.44,91.09,0,1
2024-06-15T09:06:20,40.1,90.41,127.81,0,1
2024-06-15T09:06:21,36.8,126.79,185.58,0,1
2024-06-15T09:06:22,29.63,119.46,103.33,0,1
2024-06-15T09:06:23,35.34,93.61,102.0,0,1
2024-06-15T09:06:24,39.81,102.14,200.32,0,1
2024-06-15T09:06:25,36.17,98.35,165.04,1,1
2024-06-15T09:06:26,33.39,100.0,86.46,1,1
2024-06-15T09:06:27,31.24,88.44,133.42,0,1
2024-06-15T09:06:28,52.75,109.96,151.64,0,1
2024-06-15T09:06:29,49.33,136.71,232.45,0,1
2024-06-15T09:06:30,38.31,135.14,256.64,0,1
2024-06-15T09:06:31,38.89,146.64,85.09,0,1
2024-06-15T09:06:32,34.45,160.8,237.88,0,1
2024-06-15T09:06:33,48.42,115.26,126.07,0,1
2024-06-15T09:06:34,34.88,144.49,129.23,1,1
2024-06-15T09:06:35,44.88,152.22,245.36,1,1
2024-06-15T09:06:36,44.97,149.04,110.61,0,1
2024-06-15T09:06:37,47.83,103.11,179.53,1,1
2024-06-15T09:06:38,53.94,137.77,116.88,0,1
2024-06-15T09:06:39,52.4,108.97,137.72,0,1
2024-06-15T09:06:40,43.89,182.54,228.68,1,1
2024-06-15T09:06:41,57.19,113.15,117.32,1,1
2024-06-15T09:06:42,58.16,113.01,303.58,1,1
2024-06-15T09:06:43,58.37,196.16,328.07,0,1
2024-06-15T09:06:44,45.36,136.7,213.14,0,1
2024-06-15T09:06:45,55.08,175.64,254.68,1,1
2024-06-15T09:06:46,49.07,199.13,123.94,0,1
2024-06-15T09:06:47,53.4,161.54,321.57,0,1
2024-06-15T09:06:48,41.33,177.29,112.57,0,1
2024-06-15T09:06:49,46.9,166.21,171.34,0,1
2024-06-15T09:06:50,70.66,127.22,315.24,1,1
2024-06-15T09:06:51,69.72,181.78,107.41,1,1
2024-06-15T09:06:52,69.96,179.9,343.44,1,1
2024-06-15T09:06:53,69.74,188.18,245.37,1,1
2024-06-15T09:06:54,62.74,222.01,293.88,1,1
2024-06-15T09:06:55,81.54,213.47,348.24,0,1
2024-06-15T09:06:56,57.77,118.14,280.45,1,1
2024-06-15T09:06:57,80.27,202.66,408.21,1,1
2024-06-15T09:06:58,70.37,193.46,362.47,1,1
2024-06-15T09:06:59,85.03,176.76,359.61,1,1
2024-06-15T09:07:00,66.89,125.01,429.54,1,1
2024-06-15T09:07:01,52.54,120.8,464.18,1,1
2024-06-15T09:07:02,96.89,337.7,1229.14,1,1
2024-06-15T09:07:03,25.44,78.77,46.09,0,0
2024-06-15T09:07:04,24.43,72.31,47.9,0,0
2024-06-15T09:07:05,23.1,71.04,53.39,0,0
2024-06-15T09:07:06,22.63,74.01,38.98,1,0
2024-06-15T09:07:07,13.94,76.48,44.09,0,0
2024-06-15T09:07:08,21.22,78.2,30.93,0,0
2024-06-15T09:07:09,19.61,72.87,39.77,0,0
2024-06-15T09:07:10,22.27,76.08,39.22,0,0
2024-06-15T09:07:11,18.49,79.22,61.29,0,0
2024-06-15T09:07:12,22.57,73.11,53.8,0,0
2024-06-15T09:07:13,16.21,74.16,36.43,0,0
2024-06-15T09:07:14,17.36,74.3,35.09,0,0
2024-06-15T09:07:15,22.05,75.07,37.03,0,0
2024-06-15T09:07:16,20.52,74.42,48.48,0,0
2024-06-15T09:07:17,21.41,77.06,46.69,0,0
2024-06-15T09:07:18,24.29,78.47,33.04,0,0
2024-06-15T09:07:19,20.11,79.41,39.94,0,0
2024-06-15T09:07:20,10.74,74.49,43.08,0,0
2024-06-15T09:07:21,11.53,78.33,36.29,0,0
2024-06-15T09:07:22,23.31,74.44,31.69,0,0
2024-06-15T09:07:23,17.72,72.66,50.69,0,0
2024-06-15T09:07:24,21.41,73.7,34.52,0,0
2024-06-15T09:07:25,26.78,78.66,51.48,0,0
2024-06-15T09:07:26,23.97,75.72,32.27,0,0
2024-06-15T09:07:27,21.02,73.29,27.4,0,0
2024-06-15T09:07:28,26.23,73.26,51.57,0,0
2024-06-15T09:07:29,25.53,76.39,46.9,0,0
2024-06-15T09:07:30,19.54,79.64,42.35,0,0
2024-06-15T09:07:31,23.21,73.38,34.55,0,0
2024-06-15T09:07:32,23.91,75.54,35.69,0,0
2024-06-15T09:07:33,16.25,71.83,51.57,0,0
2024-06-15T09:07:34,19.55,74.15,53.6,0,0
2024-06-15T09:07:35,17.51,73.18,35.85,0,0
2024-06-15T09:07:36,28.47,79.98,48.01,0,0
2024-06-15T09:07:37,25.13,73.55,57.58,0,0
2024-06-15T09:07:38,23.07,77.13,41.16,0,0
2024-06-15T09:07:39,20.93,79.16,46.32,0,0
2024-06-15T09:07:40,27.81,75.64,35.21,0,0
2024-06-15T09:07:41,19.67,75.26,36.99,0,0
2024-06-15T09:07:42,17.57,78.0,37.64,0,0
2024-06-15T09:07:43,22.55,75.74,37.29,0,0
2024-06-15T09:07:44,27.8,72.21,44.09,0,0
2024-06-15T09:07:45,22.98,74.86,31.62,0,0
2024-06-15T09:07:46,25.48,76.86,36.6,0,0
2024-06-15T09:07:47,24.83,75.94,31.76,0,0
2024-06-15T09:07:48,18.58,77.85,44.48,0,0
2024-06-15T09:07:49,19.74,72.85,37.88,0,0
2024-06-15T09:07:50,20.22,72.89,28.07,0,0
2024-06-15T09:07:51,26.56,77.43,31.81,0,0
2024-06-15T09:07:52,22.55,72.74,39.91,0,0
2024-06-15T09:07:53,20.62,73.93,58.02,0,0
2024-06-15T09:07:54,20.24,72.98,35.9,0,0
2024-06-15T09:07:55,26.18,70.87,35.9,0,0
2024-06-15T09:07:56,27.79,75.61,43.54,0,0
2024-06-15T09:07:57,30.53,75.62,36.33,0,0
2024-06-15T09:07:58,20.87,72.16,52.05,0,0
2024-06-15T09:07:59,24.3,77.81,51.7,0,0
2024-06-15T09:08:00,20.34,72.64,41.59,0,0
2024-06-15T09:08:01,18.51,75.41,51.06,0,0
2024-06-15T09:08:02,21.33,75.37,41.25,1,0
2024-06-15T09:08:03,25.21,73.33,24.43,1,0
2024-06-15T09:08:04,23.88,77.47,45.57,0,0
2024-06-15T09:08:05,19.44,72.16,45.96,0,0
2024-06-15T09:08:06,22.57,74.69,56.58,0,0
2024-06-15T09:08:07,18.21,79.44,42.25,0,0
2024-06-15T09:08:08,14.66,74.55,49.68,0,0
2024-06-15T09:08:09,20.54,71.31,40.68,0,0
2024-06-15T09:08:10,18.57,76.23,48.19,0,0
2024-06-15T09:08:11,17.77,73.24,48.05,0,0
2024-06-15T09:08:12,18.56,72.29,32.57,0,0
2024-06-15T09:08:13,23.41,75.77,36.53,1,0
2024-06-15T09:08:14,22.02,78.82,34.21,0,0
2024-06-15T09:08:15,14.19,76.14,41.12,0,0
2024-06-15T09:08:16,19.16,76.63,48.71,0,0
2024-06-15T09:08:17,13.17,73.37,60.54,0,0
2024-06-15T09:08:18,24.33,76.69,51.38,0,0
2024-06-15T09:08:19,22.07,76.99,47.74,0,0
2024-06-15T09:08:20,24.16,74.19,43.38,1,0
2024-06-15T09:08:21,19.65,75.03,32.65,0,0
2024-06-15T09:08:22,18.84,74.29,34.45,0,0
2024-06-15T09:08:23,19.98,74.59,45.22,0,0
2024-06-15T09:08:24,25.8,73.84,52.68,0,0
2024-06-15T09:08:25,25.75,76.26,43.23,1,0
2024-06-15T09:08:26,23.28,77.97,51.79,0,0
2024-06-15T09:08:27,27.34,75.1,46.44,0,0
2024-06-15T09:08:28,27.37,73.44,39.45,0,0
2024-06-15T09:08:29,22.06,77.25,49.32,0,0
2024-06-15T09:08:30,21.08,71.23,43.97,0,0
2024-06-15T09:08:31,18.33,71.28,31.89,0,0
2024-06-15T09:08:32,23.31,78.4,42.31,0,0
2024-06-15T09:08:33,22.85,77.96,29.64,0,0
2024-06-15T09:08:34,24.08,74.97,46.53,0,0
2024-06-15T09:08:35,20.07,72.96,43.12,0,0
2024-06-15T09:08:36,28.6,77.15,37.94,0,0
2024-06-15T09:08:37,16.64,70.79,52.53,0,0
2024-06-15T09:08:38,18.18,74.19,52.57,0,0
2024-06-15T09:08:39,15.54,78.73,39.97,0,0
2024-06-15T09:08:40,17.41,74.38,36.22,0,0
2024-06-15T09:08:41,23.76,73.38,26.71,0,0
2024-06-15T09:08:42,21.12,71.61,43.63,0,0
2024-06-15T09:08:43,17.25,73.78,43.46,0,0
2024-06-15T09:08:44,21.15,75.63,47.44,0,0
2024-06-15T09:08:45,17.37,74.84,15.36,0,0
2024-06-15T09:08:46,22.99,74.25,34.13,0,0
2024-06-15T09:08:47,23.26,77.93,38.19,0,0
2024-06-15T09:08:48,18.22,75.41,31.32,0,0
2024-06-15T09:08:49,19.36,78.06,42.5,0,0
2024-06-15T09:08:50,14.48,70.51,43.3,0,0
2024-06-15T09:08:51,25.45,70.96,45.6,0,0
2024-06-15T09:08:52,27.32,79.72,44.65,0,0
2024-06-15T09:08:53,24.03,69.67,58.8,1,0
2024-06-15T09:08:54,19.7,72.67,39.96,0,0
2024-06-15T09:08:55,28.05,80.52,43.0,0,0
2024-06-15T09:08:56,25.99,75.11,33.7,0,0
2024-06-15T09:08:57,27.91,73.44,54.28,0,0
2024-06-15T09:08:58,27.19,76.54,56.63,0,0
2024-06-15T09:08:59,30.93,74.56,35.53,0,0
2024-06-15T09:09:00,14.54,80.61,38.48,0,0
2024-06-15T09:09:01,26.54,73.15,54.31,0,0
2024-06-15T09:09:02,19.2,72.02,40.33,0,0
2024-06-15T09:09:03,19.87,76.49,41.59,0,0
2024-06-15T09:09:04,24.51,74.27,36.68,1,0
2024-06-15T09:09:05,19.67,80.11,43.8,0,0
2024-06-15T09:09:06,14.06,73.7,42.77,0,0
2024-06-15T09:09:07,29.38,77.57,34.63,0,0
2024-06-15T09:09:08,31.67,74.92,51.97,0,0
2024-06-15T09:09:09,17.38,69.0,30.73,0,0
2024-06-15T09:09:10,9.0,80.28,43.72,0,0
2024-06-15T09:09:11,18.3,76.13,43.51,0,0
2024-06-15T09:09:12,24.48,78.02,39.68,0,0
2024-06-15T09:09:13,18.48,77.07,48.42,0,0
2024-06-15T09:09:14,22.4,80.44,38.5,0,0
2024-06-15T09:09:15,18.4,76.05,36.6,0,0
2024-06-15T09:09:16,23.98,72.92,38.8,0,0
2024-06-15T09:09:17,29.56,73.99,35.61,1,0
2024-06-15T09:09:18,26.68,72.37,36.46,0,0
2024-06-15T09:09:19,24.31,77.35,51.76,0,0
2024-06-15T09:09:20,19.01,76.49,38.27,0,0
2024-06-15T09:09:21,19.58,78.01,37.6,0,0
2024-06-15T09:09:22,23.11,75.39,33.43,0,0
2024-06-15T09:09:23,25.86,76.4,26.11,0,0
2024-06-15T09:09:24,23.11,73.07,50.78,0,0
2024-06-15T09:09:25,16.22,74.11,44.9,0,0
2024-06-15T09:09:26,22.22,76.91,29.85,0,0
2024-06-15T09:09:27,28.61,76.31,52.88,0,0
2024-06-15T09:09:28,25.5,74.97,31.73,0,0
2024-06-15T09:09:29,19.75,78.97,53.08,0,0
2024-06-15T09:09:30,19.52,67.95,40.3,0,0
2024-06-15T09:09:31,20.85,74.38,46.23,0,0
2024-06-15T09:09:32,25.5,77.48,45.57,0,0
2024-06-15T09:09:33,14.8,74.15,60.43,0,0
2024-06-15T09:09:34,23.5,75.92,44.88,0,0
2024-06-15T09:09:35,23.66,69.04,40.08,1,0
2024-06-15T09:09:36,21.85,78.2,42.38,0,0
2024-06-15T09:09:37,15.41,76.08,35.57,0,0
2024-06-15T09:09:38,17.13,72.91,46.34,0,0
2024-06-15T09:09:39,27.04,76.21,47.06,0,0
2024-06-15T09:09:40,23.89,75.25,47.58,0,0
2024-06-15T09:09:41,12.32,75.28,33.64,0,0
2024-06-15T09:09:42,26.65,74.63,42.25,0,0
2024-06-15T09:09:43,15.98,77.54,47.02,0,0
2024-06-15T09:09:44,24.23,72.97,35.81,0,0
2024-06-15T09:09:45,22.89,73.26,45.48,0,0
2024-06-15T09:09:46,13.36,73.78,56.37,0,0
2024-06-15T09:09:47,23.76,75.42,57.88,0,0
2024-06-15T09:09:48,12.66,72.96,38.79,0,0
2024-06-15T09:09:49,25.43,77.19,35.07,0,0
2024-06-15T09:09:50,25.99,73.99,51.69,0,0
2024-06-15T09:09:51,17.87,74.69,38.08,0,0
2024-06-15T09:09:52,26.22,73.69,41.66,0,0
2024-06-15T09:09:53,24.03,76.36,49.1,0,0
2024-06-15T09:09:54,22.84,73.95,39.2,0,0
2024-06-15T09:09:55,22.1,75.62,40.82,0,0
2024-06-15T09:09:56,22.08,71.21,47.34,1,0
2024-06-15T09:09:57,22.72,77.5,42.0,0,0
2024-06-15T09:09:58,15.05,74.1,40.4,0,0
2024-06-15T09:09:59,24.97,69.82,42.33,0,0
2024-06-15T09:10:00,24.05,73.35,42.6,0,0
2024-06-15T09:10:01,19.49,73.18,38.73,0,0
2024-06-15T09:10:02,19.16,76.71,36.12,0,0
2024-06-15T09:10:03,18.39,79.42,49.69,0,0
2024-06-15T09:10:04,14.55,73.09,43.94,0,0
2024-06-15T09:10:05,23.3,71.27,51.27,0,0
2024-06-15T09:10:06,25.3,76.2,52.85,0,0
2024-06-15T09:10:07,23.81,76.12,54.46,0,0
2024-06-15T09:10:08,26.4,72.9,47.07,0,0
2024-06-15T09:10:09,19.34,76.26,45.81,0,0
2024-06-15T09:10:10,16.47,74.7,44.12,0,0
2024-06-15T09:10:11,20.25,75.79,48.45,0,0
2024-06-15T09:10:12,21.88,75.56,53.07,0,0
2024-06-15T09:10:13,23.89,75.5,34.34,0,0
2024-06-15T09:10:14,24.68,75.83,52.27,0,0
2024-06-15T09:10:15,22.19,70.46,28.4,0,0
2024-06-15T09:10:16,24.94,73.57,45.49,0,0
2024-06-15T09:10:17,22.46,74.58,41.23,0,0
2024-06-15T09:10:18,18.54,74.96,37.32,0,0
2024-06-15T09:10:19,20.51,74.19,40.19,0,0
2024-06-15T09:10:20,25.69,74.68,50.19,0,0
2024-06-15T09:10:21,28.15,77.14,46.28,0,0
2024-06-15T09:10:22,23.31,77.16,42.71,0,0
2024-06-15T09:10:23,25.94,76.54,39.12,0,0
2024-06-15T09:10:24,25.58,75.23,41.15,0,0
2024-06-15T09:10:25,20.1,75.42,49.97,0,0
2024-06-15T09:10:26,25.56,75.88,46.8,0,0
2024-06-15T09:10:27,27.09,74.63,33.08,0,0
2024-06-15T09:10:28,27.2,73.68,36.48,0,0
2024-06-15T09:10:29,14.82,76.43,29.03,0,0
2024-06-15T09:10:30,19.0,76.47,47.78,0,0
2024-06-15T09:10:31,19.39,74.66,35.02,0,0
2024-06-15T09:10:32,19.81,75.67,37.99,0,0
2024-06-15T09:10:33,21.02,71.34,51.06,0,0
2024-06-15T09:10:34,24.04,76.98,52.32,0,0
2024-06-15T09:10:35,18.7,74.1,26.84,0,0
2024-06-15T09:10:36,34.56,74.63,50.31,0,0
2024-06-15T09:10:37,17.05,77.49,56.86,0,1
2024-06-15T09:10:38,26.0,77.54,45.49,0,1
2024-06-15T09:10:39,23.4,74.81,57.71,0,1
2024-06-15T09:10:40,30.35,83.0,46.67,0,1
2024-06-15T09:10:41,24.97,76.23,52.92,0,1
2024-06-15T09:10:42,31.33,81.15,73.21,0,1
2024-06-15T09:10:43,25.35,94.32,76.64,1,1
2024-06-15T09:10:44,36.93,85.39,92.38,0,1
2024-06-15T09:10:45,25.05,89.92,98.96,0,1
2024-06-15T09:10:46,26.27,91.33,99.97,1,1
2024-06-15T09:10:47,34.05,83.73,83.66,0,1
2024-06-15T09:10:48,29.14,96.26,106.79,0,1
2024-06-15T09:10:49,17.67,105.09,75.99,0,1
2024-06-15T09:10:50,32.52,110.06,82.5,0,1
2024-06-15T09:10:51,26.82,82.62,136.99,0,1
2024-06-15T09:10:52,41.03,98.76,75.51,0,1
2024-06-15T09:10:53,30.66,110.31,89.13,0,1
2024-06-15T09:10:54,31.64,85.35,88.49,0,1
2024-06-15T09:10:55,36.54,122.18,129.3,0,1
2024-06-15T09:10:56,36.99,94.75,59.2,0,1
2024-06-15T09:10:57,45.21,104.15,115.02,0,1
2024-06-15T09:10:58,37.48,121.78,118.9,0,1
2024-06-15T09:10:59,39.05,96.81,88.04,0,1
2024-06-15T09:11:00,25.1,138.28,199.63,0,1
2024-06-15T09:11:01,41.0,95.34,91.37,0,1
2024-06-15T09:11:02,36.44,97.32,99.52,0,1
2024-06-15T09:11:03,35.44,116.98,129.41,1,1
2024-06-15T09:11:04,25.27,96.42,224.35,0,1
2024-06-15T09:11:05,38.41,151.78,239.16,0,1
2024-06-15T09:11:06,45.37,97.51,224.78,1,1
2024-06-15T09:11:07,46.87,112.63,200.51,0,1
2024-06-15T09:11:08,34.74,139.46,153.47,0,1
2024-06-15T09:11:09,43.77,94.0,275.63,1,1
2024-06-15T09:11:10,44.17,130.6,186.49,0,1
2024-06-15T09:11:11,39.8,162.49,114.82,0,1
2024-06-15T09:11:12,46.29,118.35,229.02,0,1
2024-06-15T09:11:13,44.17,154.59,139.85,0,1
2024-06-15T09:11:14,45.97,127.54,286.11,1,1
2024-06-15T09:11:15,41.28,128.73,318.82,1,1
2024-06-15T09:11:16,40.68,156.84,200.92,1,1
2024-06-15T09:11:17,59.0,172.27,101.83,1,1
2024-06-15T09:11:18,61.14,124.51,217.41,1,1
2024-06-15T09:11:19,57.43,107.06,273.98,1,1
2024-06-15T09:11:20,73.63,196.32,309.44,1,1
2024-06-15T09:11:21,44.83,174.61,304.43,0,1
2024-06-15T09:11:22,70.24,124.41,199.78,1,1
2024-06-15T09:11:23,37.29,138.67,350.1,0,1
2024-06-15T09:11:24,71.02,108.83,320.53,0,1
2024-06-15T09:11:25,59.26,118.29,369.87,1,1
2024-06-15T09:11:26,80.04,190.09,394.63,1,1
2024-06-15T09:11:27,57.64,163.95,158.52,0,1
2024-06-15T09:11:28,59.22,198.82,257.15,1,1
2024-06-15T09:11:29,71.26,219.52,331.13,0,1
2024-06-15T09:11:30,58.58,148.96,274.04,1,1
2024-06-15T09:11:31,77.24,114.8,156.51,1,1
2024-06-15T09:11:32,72.05,172.68,457.67,1,1
2024-06-15T09:11:33,84.66,182.86,114.8,1,1
2024-06-15T09:11:34,63.57,203.49,389.41,1,1
2024-06-15T09:11:35,81.7,209.52,389.98,1,1
2024-06-15T09:11:36,79.57,216.29,368.67,1,1
2024-06-15T09:11:37,99.9,419.99,1341.88,1,1
2024-06-15T09:11:38,19.35,72.15,44.47,0,0
2024-06-15T09:11:39,21.69,76.36,41.78,0,0
2024-06-15T09:11:40,20.64,74.81,42.23,0,0
2024-06-15T09:11:41,20.78,74.49,38.77,0,0
2024-06-15T09:11:42,25.43,75.49,60.05,0,0
2024-06-15T09:11:43,22.64,73.62,63.37,0,0
2024-06-15T09:11:44,23.65,77.48,46.74,0,0
2024-06-15T09:11:45,24.49,76.34,33.18,0,0
2024-06-15T09:11:46,23.47,71.69,40.61,0,0
2024-06-15T09:11:47,19.1,75.89,44.67,0,0
2024-06-15T09:11:48,23.92,75.72,37.15,0,0
2024-06-15T09:11:49,20.96,77.3,50.54,0,0
2024-06-15T09:11:50,17.41,71.17,36.18,0,0
2024-06-15T09:11:51,26.18,78.04,34.6,0,0
2024-06-15T09:11:52,23.23,79.59,45.32,0,0
2024-06-15T09:11:53,27.69,77.5,34.72,0,0
2024-06-15T09:11:54,21.24,75.09,42.83,0,0
2024-06-15T09:11:55,25.67,76.02,18.51,0,0
2024-06-15T09:11:56,16.75,69.53,43.4,0,0
2024-06-15T09:11:57,22.96,75.71,34.33,0,0
2024-06-15T09:11:58,24.7,76.79,31.96,0,0
2024-06-15T09:11:59,16.14,75.0,56.33,0,0
2024-06-15T09:12:00,28.8,76.41,36.16,0,0
2024-06-15T09:12:01,25.55,73.87,35.86,0,0
2024-06-15T09:12:02,13.42,75.26,36.96,0,0
2024-06-15T09:12:03,22.39,69.25,43.36,0,0
2024-06-15T09:12:04,12.28,77.72,46.18,0,0
2024-06-15T09:12:05,20.89,76.41,34.18,0,0
2024-06-15T09:12:06,22.29,76.99,17.25,0,0
2024-06-15T09:12:07,20.21,74.94,40.43,0,0
2024-06-15T09:12:08,27.83,72.19,37.03,0,0
2024-06-15T09:12:09,14.34,78.78,40.03,0,0
2024-06-15T09:12:10,20.25,74.87,47.09,0,0
2024-06-15T09:12:11,23.39,81.62,45.63,0,0
2024-06-15T09:12:12,20.14,73.6,38.86,0,0
2024-06-15T09:12:13,15.99,75.1,48.27,0,0
2024-06-15T09:12:14,19.55,72.98,54.13,0,0
2024-06-15T09:12:15,16.29,69.83,32.78,0,0
2024-06-15T09:12:16,15.84,75.97,39.11,0,0
2024-06-15T09:12:17,21.12,77.88,36.47,0,0
2024-06-15T09:12:18,25.1,78.78,38.35,0,0
2024-06-15T09:12:19,24.95,74.4,49.39,0,0
2024-06-15T09:12:20,15.71,70.89,38.87,0,0
2024-06-15T09:12:21,18.44,73.71,40.24,0,0
2024-06-15T09:12:22,24.88,73.98,35.41,0,0
2024-06-15T09:12:23,20.59,73.08,34.53,0,0
2024-06-15T09:12:24,15.55,75.17,37.45,0,0
2024-06-15T09:12:25,25.87,71.38,37.66,0,0
2024-06-15T09:12:26,29.25,72.65,40.11,0,0
2024-06-15T09:12:27,17.14,71.63,54.38,1,0
2024-06-15T09:12:28,22.68,75.33,28.43,0,0
2024-06-15T09:12:29,23.43,77.89,51.2,0,0
2024-06-15T09:12:30,24.67,72.18,44.5,0,0
2024-06-15T09:12:31,24.67,70.51,33.03,0,0
2024-06-15T09:12:32,25.55,77.19,29.61,0,0
2024-06-15T09:12:33,25.18,75.24,48.25,0,0
2024-06-15T09:12:34,19.46,76.61,48.75,0,0
2024-06-15T09:12:35,20.59,75.04,36.81,0,0
2024-06-15T09:12:36,28.61,74.7,34.62,0,0
2024-06-15T09:12:37,19.14,75.32,48.03,0,0
2024-06-15T09:12:38,16.66,79.62,44.47,0,0
2024-06-15T09:12:39,23.87,74.76,42.15,0,0
2024-06-15T09:12:40,21.41,77.54,41.94,0,0
2024-06-15T09:12:41,25.07,73.92,43.57,0,0
2024-06-15T09:12:42,18.78,78.04,35.33,0,0
2024-06-15T09:12:43,20.7,74.21,39.17,0,0
2024-06-15T09:12:44,24.89,74.21,53.15,0,0
2024-06-15T09:12:45,18.73,75.42,35.79,0,0
2024-06-15T09:12:46,23.68,74.96,40.76,0,0
2024-06-15T09:12:47,26.75,73.36,46.69,1,0
2024-06-15T09:12:48,18.92,75.28,32.44,0,0
2024-06-15T09:12:49,19.35,74.79,56.52,0,0
2024-06-15T09:12:50,22.4,79.14,43.76,0,0
2024-06-15T09:12:51,20.45,78.85,45.5,0,0
2024-06-15T09:12:52,19.43,76.18,39.66,0,0
2024-06-15T09:12:53,14.04,77.34,50.76,0,0
2024-06-15T09:12:54,29.35,76.06,40.01,0,0
2024-06-15T09:12:55,25.34,77.12,55.11,0,0
2024-06-15T09:12:56,21.82,74.59,36.28,0,0
2024-06-15T09:12:57,24.15,71.13,48.21,0,0
2024-06-15T09:12:58,24.35,76.46,43.11,0,0
2024-06-15T09:12:59,28.13,77.18,37.14,0,0
2024-06-15T09:13:00,19.64,72.8,46.41,0,0
2024-06-15T09:13:01,18.0,77.71,52.58,0,0
2024-06-15T09:13:02,18.48,74.54,42.13,0,0
2024-06-15T09:13:03,25.54,79.02,28.52,0,0
2024-06-15T09:13:04,20.73,74.33,30.79,0,0
2024-06-15T09:13:05,20.06,76.07,39.77,0,0
2024-06-15T09:13:06,15.82,82.19,44.13,0,0
2024-06-15T09:13:07,22.45,72.26,44.09,0,0
2024-06-15T09:13:08,21.34,70.28,33.44,0,0
2024-06-15T09:13:09,25.18,79.86,44.94,0,0
2024-06-15T09:13:10,26.41,74.61,41.31,0,0
2024-06-15T09:13:11,26.36,79.16,52.41,0,0
2024-06-15T09:13:12,17.73,74.83,44.22,0,0
2024-06-15T09:13:13,20.96,75.97,48.56,0,0
2024-06-15T09:13:14,26.01,79.21,39.36,0,0
2024-06-15T09:13:15,16.54,75.9,57.07,0,0
2024-06-15T09:13:16,20.09,76.72,47.57,0,0
2024-06-15T09:13:17,22.77,75.02,34.61,0,0
2024-06-15T09:13:18,12.87,72.22,38.88,0,0
2024-06-15T09:13:19,26.39,74.74,37.85,0,0
2024-06-15T09:13:20,18.44,76.64,52.87,0,0
2024-06-15T09:13:21,26.25,76.52,30.2,0,0
2024-06-15T09:13:22,20.59,79.87,50.98,0,0
2024-06-15T09:13:23,15.85,74.86,44.9,0,0
2024-06-15T09:13:24,18.95,69.23,42.79,0,0
2024-06-15T09:13:25,18.85,73.04,39.16,0,0
2024-06-15T09:13:26,21.47,74.98,34.93,0,0
2024-06-15T09:13:27,21.12,70.61,44.49,1,0
2024-06-15T09:13:28,10.57,74.28,49.35,0,0
2024-06-15T09:13:29,17.76,76.79,51.25,0,0
2024-06-15T09:13:30,8.77,74.62,18.99,0,0
2024-06-15T09:13:31,21.53,74.98,22.14,0,0
2024-06-15T09:13:32,29.7,75.72,35.21,0,0
2024-06-15T09:13:33,27.86,70.51,32.17,0,0
2024-06-15T09:13:34,12.8,79.5,44.66,0,0
2024-06-15T09:13:35,24.64,75.75,46.59,0,0
2024-06-15T09:13:36,22.31,75.68,42.86,0,0
2024-06-15T09:13:37,19.57,74.88,44.19,0,0
2024-06-15T09:13:38,22.44,71.31,31.24,0,0
2024-06-15T09:13:39,26.33,74.23,46.68,0,0
2024-06-15T09:13:40,17.63,71.32,35.25,0,0
2024-06-15T09:13:41,21.11,73.34,52.35,0,0
2024-06-15T09:13:42,22.72,79.62,45.24,0,0
2024-06-15T09:13:43,12.35,77.64,29.92,0,0
2024-06-15T09:13:44,22.92,73.06,59.14,0,0
2024-06-15T09:13:45,27.76,73.15,40.98,0,0
2024-06-15T09:13:46,22.98,77.16,42.23,0,0
2024-06-15T09:13:47,17.9,73.21,41.96,0,0
2024-06-15T09:13:48,26.94,76.07,35.81,0,0
2024-06-15T09:13:49,24.59,74.03,49.12,0,0
2024-06-15T09:13:50,32.11,74.1,48.41,0,0
2024-06-15T09:13:51,19.02,74.72,42.24,0,0
2024-06-15T09:13:52,21.23,81.16,39.55,0,0
2024-06-15T09:13:53,24.35,70.17,45.46,0,0
2024-06-15T09:13:54,26.57,73.68,21.92,0,0
2024-06-15T09:13:55,21.85,75.04,47.79,0,0
2024-06-15T09:13:56,30.04,74.05,35.15,1,0
2024-06-15T09:13:57,17.33,75.5,45.83,0,0
2024-06-15T09:13:58,19.82,76.95,45.72,0,0
2024-06-15T09:13:59,22.17,72.74,38.15,0,0
2024-06-15T09:14:00,12.28,75.59,42.21,0,0
2024-06-15T09:14:01,22.75,76.26,45.09,0,0
2024-06-15T09:14:02,21.56,75.12,30.77,0,0
2024-06-15T09:14:03,19.67,75.13,36.11,1,0
2024-06-15T09:14:04,25.44,73.35,43.73,0,0
2024-06-15T09:14:05,22.47,76.87,49.21,0,0
2024-06-15T09:14:06,24.78,69.73,51.55,0,0
2024-06-15T09:14:07,28.11,73.79,43.89,0,0
2024-06-15T09:14:08,18.44,70.13,36.09,0,0
2024-06-15T09:14:09,19.84,74.11,34.33,0,0
2024-06-15T09:14:10,19.07,74.97,35.84,0,0
2024-06-15T09:14:11,24.17,76.7,61.04,0,0
2024-06-15T09:14:12,26.5,75.61,37.04,0,0
2024-06-15T09:14:13,23.17,75.82,37.89,0,0
2024-06-15T09:14:14,25.13,71.5,40.04,0,0
2024-06-15T09:14:15,24.22,74.28,40.35,0,0
2024-06-15T09:14:16,21.45,72.91,51.39,0,0
2024-06-15T09:14:17,17.93,75.8,45.31,0,0
2024-06-15T09:14:18,18.21,75.18,34.72,0,0
2024-06-15T09:14:19,27.56,72.15,36.77,0,0
2024-06-15T09:14:20,17.1,71.61,54.73,0,0
2024-06-15T09:14:21,24.17,75.35,36.75,0,0
2024-06-15T09:14:22,25.63,72.94,48.35,0,0
2024-06-15T09:14:23,18.51,73.39,48.07,0,0
2024-06-15T09:14:24,25.46,76.49,33.6,0,0
2024-06-15T09:14:25,20.21,75.39,35.21,0,0
2024-06-15T09:14:26,27.48,69.0,35.77,0,0
2024-06-15T09:14:27,19.96,67.89,30.83,0,0
2024-06-15T09:14:28,24.5,75.08,54.59,0,0
2024-06-15T09:14:29,28.18,76.08,44.51,0,0
2024-06-15T09:14:30,22.26,68.36,30.84,0,0
2024-06-15T09:14:31,22.4,76.54,44.32,0,0
2024-06-15T09:14:32,18.43,77.34,53.86,0,0
2024-06-15T09:14:33,25.75,77.47,37.53,0,0
2024-06-15T09:14:34,26.3,75.36,46.09,0,0
2024-06-15T09:14:35,23.46,74.7,35.12,0,0
2024-06-15T09:14:36,21.67,77.47,38.47,0,0
2024-06-15T09:14:37,25.57,76.84,39.61,0,0
2024-06-15T09:14:38,27.56,74.11,54.08,0,0
2024-06-15T09:14:39,23.74,74.96,34.9,0,0
2024-06-15T09:14:40,21.65,74.49,31.93,0,0
2024-06-15T09:14:41,21.13,72.99,46.69,0,0
2024-06-15T09:14:42,27.23,71.93,55.7,0,0
2024-06-15T09:14:43,21.49,72.56,48.06,0,0
2024-06-15T09:14:44,20.21,74.8,38.77,0,0
2024-06-15T09:14:45,18.73,76.81,39.71,0,0
2024-06-15T09:14:46,16.25,76.38,32.36,0,0
2024-06-15T09:14:47,17.39,77.98,32.43,0,0
2024-06-15T09:14:48,12.73,76.56,39.57,0,0
2024-06-15T09:14:49,21.13,74.21,43.85,0,0
2024-06-15T09:14:50,18.99,78.69,30.19,0,0
2024-06-15T09:14:51,23.78,76.61,35.92,0,0
2024-06-15T09:14:52,17.91,77.54,34.07,0,0
2024-06-15T09:14:53,19.57,77.22,42.28,0,0
2024-06-15T09:14:54,14.81,79.37,37.76,0,0
2024-06-15T09:14:55,20.39,75.64,47.0,0,0
2024-06-15T09:14:56,29.84,70.85,48.61,0,0
2024-06-15T09:14:57,24.97,74.66,48.3,0,0
2024-06-15T09:14:58,25.74,71.55,56.0,0,0
2024-06-15T09:14:59,15.76,72.16,39.91,0,0
2024-06-15T09:15:00,29.7,74.23,41.74,0,0
2024-06-15T09:15:01,27.73,74.25,32.57,0,0
2024-06-15T09:15:02,20.33,78.43,42.57,0,0
2024-06-15T09:15:03,29.72,76.84,36.84,0,0
2024-06-15T09:15:04,22.2,72.87,36.65,0,0
2024-06-15T09:15:05,39.92,77.55,48.89,0,0
2024-06-15T09:15:06,19.51,78.92,50.8,0,0
2024-06-15T09:15:07,29.53,79.58,30.17,0,0
2024-06-15T09:15:08,17.56,72.49,34.45,0,0
2024-06-15T09:15:09,23.29,73.58,58.58,0,0
2024-06-15T09:15:10,29.62,74.98,57.64,0,0
2024-06-15T09:15:11,27.95,73.87,25.93,0,0
2024-06-15T09:15:12,21.13,73.39,43.65,1,0
2024-06-15T09:15:13,22.36,75.16,46.19,0,0
2024-06-15T09:15:14,17.15,76.03,38.48,0,0
2024-06-15T09:15:15,22.8,77.39,32.2,0,0
2024-06-15T09:15:16,20.87,74.7,37.89,0,1
2024-06-15T09:15:17,26.23,78.87,39.42,0,1
2024-06-15T09:15:18,31.97,77.21,59.65,0,1
2024-06-15T09:15:19,30.32,76.82,63.36,1,1
2024-06-15T09:15:20,22.16,82.36,60.86,0,1
2024-06-15T09:15:21,27.34,82.79,61.04,0,1
2024-06-15T09:15:22,24.36,87.61,76.0,0,1
2024-06-15T09:15:23,23.75,82.82,64.77,1,1
2024-06-15T09:15:24,27.85,94.0,90.05,1,1
2024-06-15T09:15:25,36.22,82.59,74.3,0,1
2024-06-15T09:15:26,26.68,97.22,88.98,0,1
2024-06-15T09:15:27,29.68,87.07,75.01,0,1
2024-06-15T09:15:28,31.56,113.01,72.77,1,1
2024-06-15T09:15:29,40.76,104.26,101.18,0,1
2024-06-15T09:15:30,36.59,109.5,78.14,0,1
2024-06-15T09:15:31,40.9,115.21,126.1,0,1
2024-06-15T09:15:32,31.62,101.57,133.0,0,1
2024-06-15T09:15:33,33.47,106.65,125.85,0,1
2024-06-15T09:15:34,36.94,132.82,73.72,1,1
2024-06-15T09:15:35,34.65,108.82,98.39,0,1
2024-06-15T09:15:36,38.69,103.12,167.12,1,1
2024-06-15T09:15:37,37.44,100.38,187.65,0,1
2024-06-15T09:15:38,41.31,132.62,151.19,0,1
2024-06-15T09:15:39,32.85,127.72,154.11,1,1
2024-06-15T09:15:40,39.82,133.18,125.95,0,1
2024-06-15T09:15:41,46.75,111.03,102.44,1,1
2024-06-15T09:15:42,42.27,149.34,115.92,0,1
2024-06-15T09:15:43,56.82,128.89,176.44,1,1
2024-06-15T09:15:44,51.16,113.51,204.86,1,1
2024-06-15T09:15:45,57.85,160.87,127.03,1,1
2024-06-15T09:15:46,39.39,102.66,258.67,0,1
2024-06-15T09:15:47,46.28,110.75,200.38,1,1
2024-06-15T09:15:48,61.45,118.63,136.17,0,1
2024-06-15T09:15:49,42.08,105.25,170.72,0,1
2024-06-15T09:15:50,48.16,169.14,165.47,1,1
2024-06-15T09:15:51,35.52,123.09,176.78,1,1
2024-06-15T09:15:52,53.81,104.4,167.18,0,1
2024-06-15T09:15:53,50.83,169.6,232.17,1,1
2024-06-15T09:15:54,45.25,141.35,308.85,0,1
2024-06-15T09:15:55,50.06,125.6,273.05,0,1
2024-06-15T09:15:56,59.96,196.35,305.2,0,1
2024-06-15T09:15:57,63.29,157.05,221.71,1,1
2024-06-15T09:15:58,41.71,105.69,329.81,1,1
2024-06-15T09:15:59,64.23,162.72,241.56,0,1
2024-06-15T09:16:00,52.0,171.88,154.88,1,1
2024-06-15T09:16:01,41.92,156.87,359.98,1,1
2024-06-15T09:16:02,51.01,166.88,224.33,0,1
2024-06-15T09:16:03,51.45,148.5,101.68,0,1
2024-06-15T09:16:04,56.27,119.22,156.29,1,1
2024-06-15T09:16:05,68.55,174.45,285.53,1,1
2024-06-15T09:16:06,68.42,142.66,212.72,0,1
2024-06-15T09:16:07,55.67,226.73,142.12,1,1
2024-06-15T09:16:08,65.17,143.1,247.35,0,1
2024-06-15T09:16:09,60.97,161.2,345.39,1,1
2024-06-15T09:16:10,46.55,195.08,439.86,1,1
2024-06-15T09:16:11,56.83,154.64,437.37,0,1
2024-06-15T09:16:12,50.26,213.63,407.26,1,1
2024-06-15T09:16:13,64.84,164.74,190.19,1,1
2024-06-15T09:16:14,54.17,212.97,346.82,1,1
2024-06-15T09:16:15,74.98,222.96,130.47,1,1
2024-06-15T09:16:16,99.9,275.28,888.25,1,1
2024-06-15T09:16:17,19.69,78.58,43.61,0,0
2024-06-15T09:16:18,27.16,79.75,32.94,0,0
2024-06-15T09:16:19,27.1,71.48,33.62,0,0
2024-06-15T09:16:20,18.79,76.26,42.26,0,0
2024-06-15T09:16:21,21.33,75.37,46.73,0,0
2024-06-15T09:16:22,24.67,77.74,56.56,0,0
2024-06-15T09:16:23,21.91,73.7,46.91,0,0
2024-06-15T09:16:24,17.42,73.3,50.0,0,0
2024-06-15T09:16:25,21.5,71.98,30.08,0,0
2024-06-15T09:16:26,22.19,77.85,51.03,0,0
2024-06-15T09:16:27,22.44,80.02,41.16,0,0
2024-06-15T09:16:28,21.45,68.58,38.42,0,0
2024-06-15T09:16:29,25.41,78.91,35.36,0,0
2024-06-15T09:16:30,23.85,77.62,42.09,0,0
2024-06-15T09:16:31,12.87,75.62,48.09,0,0
2024-06-15T09:16:32,18.21,74.36,32.76,0,0
2024-06-15T09:16:33,11.72,77.57,41.97,0,0
2024-06-15T09:16:34,28.39,77.14,39.17,0,0
2024-06-15T09:16:35,21.67,76.42,49.74,0,0
2024-06-15T09:16:36,23.29,77.76,39.63,0,0
2024-06-15T09:16:37,18.01,74.84,43.64,0,0
2024-06-15T09:16:38,17.19,71.66,45.58,0,0
2024-06-15T09:16:39,20.37,74.59,39.12,0,0
2024-06-15T09:16:40,28.08,78.15,32.1,0,0
2024-06-15T09:16:41,19.87,77.13,46.82,0,0
2024-06-15T09:16:42,21.83,72.16,36.54,0,0
2024-06-15T09:16:43,19.93,75.69,55.63,0,0
2024-06-15T09:16:44,19.25,72.43,41.13,0,0
2024-06-15T09:16:45,26.13,71.38,53.63,0,0
2024-06-15T09:16:46,21.31,73.16,29.2,0,0
2024-06-15T09:16:47,24.83,74.57,43.37,0,0
2024-06-15T09:16:48,18.4,74.2,38.11,0,0
2024-06-15T09:16:49,21.6,73.33,29.73,0,0
2024-06-15T09:16:50,32.91,71.59,43.45,0,0
2024-06-15T09:16:51,14.91,70.01,42.78,0,0
2024-06-15T09:16:52,22.7,78.15,45.2,0,0
2024-06-15T09:16:53,21.4,72.63,53.99,0,0
2024-06-15T09:16:54,25.72,71.88,42.3,0,0
2024-06-15T09:16:55,22.58,74.14,48.17,0,0
2024-06-15T09:16:56,25.33,74.52,39.75,0,0
2024-06-15T09:16:57,28.0,77.33,42.58,0,0
2024-06-15T09:16:58,15.48,75.86,47.58,0,0
2024-06-15T09:16:59,10.98,75.63,38.67,0,0
2024-06-15T09:17:00,21.12,72.73,40.81,0,0
2024-06-15T09:17:01,27.57,73.88,49.72,0,0
2024-06-15T09:17:02,18.77,76.9,42.01,0,0
2024-06-15T09:17:03,23.41,75.02,47.13,0,0
2024-06-15T09:17:04,11.73,71.45,45.34,0,0
2024-06-15T09:17:05,13.83,73.67,41.57,0,0
2024-06-15T09:17:06,18.69,73.27,44.17,0,0
2024-06-15T09:17:07,26.04,72.6,37.4,0,0
2024-06-15T09:17:08,19.07,68.95,43.13,0,0
2024-06-15T09:17:09,25.74,77.54,35.03,0,0
2024-06-15T09:17:10,16.99,75.05,48.63,0,0
2024-06-15T09:17:11,22.62,75.72,51.13,0,0
2024-06-15T09:17:12,19.04,74.45,55.08,0,0
2024-06-15T09:17:13,21.21,71.83,36.65,0,0
2024-06-15T09:17:14,18.25,75.89,34.83,0,0
2024-06-15T09:17:15,23.08,73.16,25.01,0,0
2024-06-15T09:17:16,23.23,75.37,46.14,0,0
2024-06-15T09:17:17,19.31,73.05,45.21,0,0
2024-06-15T09:17:18,28.08,75.03,45.4,0,0
2024-06-15T09:17:19,20.71,71.14,49.74,0,0
2024-06-15T09:17:20,25.63,76.78,40.54,0,0
2024-06-15T09:17:21,24.39,77.23,54.96,0,0
2024-06-15T09:17:22,25.95,75.16,31.53,0,0
2024-06-15T09:17:23,22.62,75.64,47.67,0,0
2024-06-15T09:17:24,27.42,74.76,58.81,0,0
2024-06-15T09:17:25,14.96,76.05,35.61,0,0
2024-06-15T09:17:26,14.37,74.5,30.34,0,0
2024-06-15T09:17:27,21.35,75.09,50.95,0,0
2024-06-15T09:17:28,15.97,77.27,42.78,0,0
2024-06-15T09:17:29,26.12,73.92,31.34,0,0
2024-06-15T09:17:30,17.13,71.77,45.82,0,0
2024-06-15T09:17:31,27.91,73.59,47.03,0,0
2024-06-15T09:17:32,15.91,75.45,47.35,0,0
2024-06-15T09:17:33,16.21,74.49,47.73,0,0
2024-06-15T09:17:34,10.26,78.34,44.83,0,0
2024-06-15T09:17:35,24.87,73.97,28.22,0,0
2024-06-15T09:17:36,24.14,74.79,42.26,0,0
2024-06-15T09:17:37,26.35,76.91,57.37,0,0
2024-06-15T09:17:38,22.62,73.27,40.49,0,0
2024-06-15T09:17:39,23.66,77.54,30.26,0,0
2024-06-15T09:17:40,22.03,79.02,40.08,0,0
2024-06-15T09:17:41,25.72,76.23,49.65,0,0
2024-06-15T09:17:42,18.76,72.99,42.16,0,0
2024-06-15T09:17:43,15.87,74.33,44.02,0,0
2024-06-15T09:17:44,29.14,76.01,47.0,0,0
2024-06-15T09:17:45,26.66,72.59,40.68,0,0
2024-06-15T09:17:46,31.7,74.8,50.93,1,0
2024-06-15T09:17:47,25.85,71.3,44.48,0,0
2024-06-15T09:17:48,22.59,75.82,35.97,0,0
2024-06-15T09:17:49,17.53,73.81,41.22,0,0
2024-06-15T09:17:50,26.74,79.54,53.17,0,0
2024-06-15T09:17:51,25.44,72.49,38.73,1,0
2024-06-15T09:17:52,22.84,73.42,46.62,0,0
2024-06-15T09:17:53,24.88,76.34,50.2,0,0
2024-06-15T09:17:54,18.38,77.33,36.43,0,0
2024-06-15T09:17:55,18.24,76.33,51.73,0,0
2024-06-15T09:17:56,23.95,75.05,44.48,0,0
2024-06-15T09:17:57,22.55,72.19,32.06,0,0
2024-06-15T09:17:58,21.68,75.2,42.09,0,0
2024-06-15T09:17:59,24.7,74.46,46.5,1,0
2024-06-15T09:18:00,21.42,79.56,42.65,0,0
2024-06-15T09:18:01,31.36,75.88,40.29,0,0
2024-06-15T09:18:02,18.4,71.39,34.07,0,0
2024-06-15T09:18:03,18.48,75.99,37.79,0,0
2024-06-15T09:18:04,22.75,78.2,41.3,0,0
2024-06-15T09:18:05,30.32,72.06,40.8,0,0
2024-06-15T09:18:06,19.84,77.34,24.08,0,0
2024-06-15T09:18:07,16.23,74.73,54.41,0,0
2024-06-15T09:18:08,22.9,71.62,32.42,0,0
2024-06-15T09:18:09,28.69,73.45,34.46,0,0
2024-06-15T09:18:10,27.91,77.53,52.19,0,0
2024-06-15T09:18:11,18.2,71.19,43.07,1,0
2024-06-15T09:18:12,23.34,75.91,53.83,0,0
2024-06-15T09:18:13,15.06,77.15,33.23,0,0
2024-06-15T09:18:14,25.42,73.81,35.49,0,0
2024-06-15T09:18:15,19.56,71.39,42.32,0,0
2024-06-15T09:18:16,18.91,76.97,47.12,0,0
2024-06-15T09:18:17,28.75,75.92,46.17,0,0
2024-06-15T09:18:18,27.6,73.43,30.09,0,0
2024-06-15T09:18:19,22.8,71.44,61.63,0,0
2024-06-15T09:18:20,27.82,80.41,42.5,0,0
2024-06-15T09:18:21,24.2,73.85,49.06,0,0
2024-06-15T09:18:22,17.14,68.64,35.67,0,0
2024-06-15T09:18:23,16.18,78.69,56.53,0,0
2024-06-15T09:18:24,16.39,78.23,49.61,1,0
2024-06-15T09:18:25,15.72,74.02,37.36,0,0
2024-06-15T09:18:26,24.99,71.93,41.21,0,0
2024-06-15T09:18:27,19.26,76.18,40.27,0,0
2024-06-15T09:18:28,19.86,74.47,58.29,0,0
2024-06-15T09:18:29,20.33,72.4,46.67,0,0
2024-06-15T09:18:30,21.43,71.46,59.85,0,0
2024-06-15T09:18:31,20.59,74.06,43.28,0,0
2024-06-15T09:18:32,28.92,70.8,44.21,0,0
2024-06-15T09:18:33,30.35,75.32,32.12,0,0
2024-06-15T09:18:34,19.53,75.52,52.65,0,0
2024-06-15T09:18:35,20.64,77.07,30.52,0,0
2024-06-15T09:18:36,16.23,73.79,53.5,0,0
2024-06-15T09:18:37,22.28,75.72,44.22,0,0
2024-06-15T09:18:38,26.44,73.47,47.51,0,0
2024-06-15T09:18:39,18.68,79.96,35.6,0,0
2024-06-15T09:18:40,18.47,76.37,42.64,0,0
2024-06-15T09:18:41,23.31,75.57,33.28,0,0
2024-06-15T09:18:42,28.45,77.23,52.87,0,0
2024-06-15T09:18:43,19.89,76.04,43.58,0,0
2024-06-15T09:18:44,26.51,77.9,43.54,0,0
2024-06-15T09:18:45,15.93,79.45,46.45,0,0
2024-06-15T09:18:46,19.57,76.02,29.91,0,0
2024-06-15T09:18:47,26.22,71.32,40.23,0,0
2024-06-15T09:18:48,22.98,77.6,42.85,0,0
2024-06-15T09:18:49,24.54,74.93,41.74,0,0
2024-06-15T09:18:50,22.34,74.53,28.51,0,0
2024-06-15T09:18:51,18.93,75.61,40.01,0,0
2024-06-15T09:18:52,21.38,74.19,35.09,0,0
2024-06-15T09:18:53,20.03,74.23,42.04,0,0
2024-06-15T09:18:54,23.57,74.55,33.76,0,0
2024-06-15T09:18:55,16.41,81.49,32.96,0,0
2024-06-15T09:18:56,19.93,76.29,44.89,0,0
2024-06-15T09:18:57,24.08,73.89,43.91,0,0
2024-06-15T09:18:58,22.25,74.22,43.96,0,0
2024-06-15T09:18:59,26.22,74.94,41.88,0,0
2024-06-15T09:19:00,26.27,77.4,54.67,0,0
2024-06-15T09:19:01,14.98,77.26,46.81,0,0
2024-06-15T09:19:02,18.46,75.63,50.41,0,0
2024-06-15T09:19:03,18.68,76.11,48.97,0,0
2024-06-15T09:19:04,17.72,74.64,44.41,0,0
2024-06-15T09:19:05,18.82,72.8,40.92,0,0
2024-06-15T09:19:06,25.21,76.61,35.11,0,0
2024-06-15T09:19:07,24.61,72.91,29.12,0,0
2024-06-15T09:19:08,20.53,77.81,47.25,0,0
2024-06-15T09:19:09,21.99,73.96,38.88,0,0
2024-06-15T09:19:10,22.44,72.33,39.22,0,0
2024-06-15T09:19:11,21.14,71.62,35.29,0,0
2024-06-15T09:19:12,23.64,75.02,39.53,0,0
2024-06-15T09:19:13,18.35,78.94,35.3,0,0
2024-06-15T09:19:14,23.01,73.78,42.29,0,0
2024-06-15T09:19:15,23.83,71.57,41.95,0,0
2024-06-15T09:19:16,26.76,79.4,40.96,0,0
2024-06-15T09:19:17,22.17,80.53,51.08,0,0
2024-06-15T09:19:18,19.53,73.45,49.65,0,0
2024-06-15T09:19:19,17.96,77.72,44.67,0,0
2024-06-15T09:19:20,24.07,74.36,36.96,0,0
2024-06-15T09:19:21,27.85,74.38,38.71,0,0
2024-06-15T09:19:22,21.68,75.48,33.75,0,0
2024-06-15T09:19:23,19.74,73.45,48.76,0,0
2024-06-15T09:19:24,18.46,70.61,26.26,0,0
2024-06-15T09:19:25,16.12,78.4,42.13,0,0
2024-06-15T09:19:26,24.0,76.34,42.45,0,0
2024-06-15T09:19:27,21.7,77.61,43.17,0,0
2024-06-15T09:19:28,27.6,76.55,37.06,0,0
2024-06-15T09:19:29,20.01,73.18,51.74,0,0
2024-06-15T09:19:30,20.38,73.0,44.56,0,0
2024-06-15T09:19:31,21.61,75.74,57.12,0,0
2024-06-15T09:19:32,25.65,75.07,30.73,0,0
2024-06-15T09:19:33,20.0,76.78,32.63,0,0
2024-06-15T09:19:34,30.56,75.04,42.39,0,0
2024-06-15T09:19:35,19.33,76.24,32.74,0,0
2024-06-15T09:19:36,30.66,78.29,49.87,0,0
2024-06-15T09:19:37,16.44,75.51,51.67,0,0
2024-06-15T09:19:38,24.37,72.49,36.8,0,0
2024-06-15T09:19:39,20.19,73.49,54.23,0,0
2024-06-15T09:19:40,14.32,76.64,31.66,0,0
2024-06-15T09:19:41,18.15,69.98,37.61,0,0
2024-06-15T09:19:42,28.04,75.66,32.41,0,0
2024-06-15T09:19:43,26.07,78.08,42.83,0,0
2024-06-15T09:19:44,30.14,77.05,47.46,0,0
2024-06-15T09:19:45,18.79,76.57,43.73,0,0
2024-06-15T09:19:46,24.08,73.29,43.02,0,0
2024-06-15T09:19:47,18.73,69.63,49.99,0,0
2024-06-15T09:19:48,15.99,75.27,44.66,0,0
2024-06-15T09:19:49,23.31,74.29,44.17,0,0
2024-06-15T09:19:50,23.88,76.84,55.87,0,0
2024-06-15T09:19:51,22.94,75.16,34.75,0,0
2024-06-15T09:19:52,23.74,76.67,40.46,0,0
2024-06-15T09:19:53,24.18,74.27,47.37,0,0
2024-06-15T09:19:54,25.65,77.25,42.94,0,0
2024-06-15T09:19:55,17.84,73.47,46.76,0,0
2024-06-15T09:19:56,31.8,74.15,45.65,0,0
2024-06-15T09:19:57,19.78,72.57,36.59,0,0
2024-06-15T09:19:58,13.67,78.38,24.16,0,0
2024-06-15T09:19:59,20.94,72.05,34.92,0,0
2024-06-15T09:20:00,27.51,75.5,34.28,0,0
2024-06-15T09:20:01,19.64,73.09,41.65,0,0
2024-06-15T09:20:02,22.69,79.74,26.67,0,0
2024-06-15T09:20:03,21.86,74.21,49.57,0,0
2024-06-15T09:20:04,23.42,76.48,44.76,0,0
2024-06-15T09:20:05,18.27,78.03,48.39,0,0
2024-06-15T09:20:06,25.66,78.16,45.34,0,0
2024-06-15T09:20:07,27.92,75.94,40.25,0,0
2024-06-15T09:20:08,21.97,74.94,37.84,0,0
2024-06-15T09:20:09,28.53,75.74,42.76,0,0
2024-06-15T09:20:10,23.55,82.45,32.95,0,0
2024-06-15T09:20:11,18.62,71.55,40.14,0,0
2024-06-15T09:20:12,22.98,73.84,37.68,0,0
2024-06-15T09:20:13,22.57,73.74,44.48,0,0
2024-06-15T09:20:14,26.46,76.69,49.05,0,0
2024-06-15T09:20:15,26.34,75.71,40.73,0,0
2024-06-15T09:20:16,18.91,74.02,37.81,0,0
2024-06-15T09:20:17,24.93,75.87,47.57,1,0
2024-06-15T09:20:18,17.36,78.58,38.58,0,0
2024-06-15T09:20:19,17.6,73.9,61.87,0,0
2024-06-15T09:20:20,20.45,74.19,40.46,0,0
2024-06-15T09:20:21,21.41,73.05,43.15,0,0
2024-06-15T09:20:22,26.3,75.79,33.11,0,0
2024-06-15T09:20:23,20.62,73.62,42.42,0,0
2024-06-15T09:20:24,27.32,74.63,41.29,0,0
2024-06-15T09:20:25,29.11,77.19,46.59,0,0
2024-06-15T09:20:26,29.83,76.22,26.11,0,0
2024-06-15T09:20:27,25.33,71.02,45.62,0,0
2024-06-15T09:20:28,15.15,73.83,39.09,0,0
2024-06-15T09:20:29,18.92,74.13,50.26,0,0
2024-06-15T09:20:30,19.14,76.36,34.27,1,0
2024-06-15T09:20:31,21.24,75.81,34.03,0,0
2024-06-15T09:20:32,16.75,76.23,50.98,0,0
2024-06-15T09:20:33,21.68,73.86,43.25,0,0
2024-06-15T09:20:34,22.22,75.61,21.77,0,0
2024-06-15T09:20:35,17.72,72.89,43.21,0,0
2024-06-15T09:20:36,22.74,76.59,44.06,0,0
2024-06-15T09:20:37,16.8,78.62,52.18,0,0
2024-06-15T09:20:38,16.97,75.83,37.24,0,0
2024-06-15T09:20:39,22.56,77.63,59.04,0,0
2024-06-15T09:20:40,25.01,75.74,39.28,0,0
2024-06-15T09:20:41,22.73,78.4,41.64,0,0
2024-06-15T09:20:42,18.46,70.95,46.1,0,0
2024-06-15T09:20:43,22.99,73.39,50.21,0,0
2024-06-15T09:20:44,20.31,74.66,41.87,0,0
2024-06-15T09:20:45,20.6,75.59,51.21,0,0
2024-06-15T09:20:46,17.43,76.22,43.38,0,0
2024-06-15T09:20:47,22.62,77.18,42.39,0,0
2024-06-15T09:20:48,23.92,76.79,37.97,0,0
2024-06-15T09:20:49,23.2,74.37,40.94,0,0
2024-06-15T09:20:50,20.71,76.18,42.65,0,0
2024-06-15T09:20:51,23.58,74.96,29.17,0,0
2024-06-15T09:20:52,22.13,75.16,43.94,0,0
2024-06-15T09:20:53,19.63,72.01,47.0,0,0
2024-06-15T09:20:54,20.91,75.43,39.75,0,0
2024-06-15T09:20:55,21.98,73.88,34.26,0,0
2024-06-15T09:20:56,23.89,73.49,43.31,0,0
2024-06-15T09:20:57,23.64,73.53,32.37,0,0
2024-06-15T09:20:58,31.7,73.68,46.99,0,0
2024-06-15T09:20:59,29.76,76.97,39.6,0,0
2024-06-15T09:21:00,21.73,72.92,49.05,1,0
2024-06-15T09:21:01,24.27,73.71,33.66,0,0
2024-06-15T09:21:02,16.72,77.47,42.96,0,0
2024-06-15T09:21:03,22.86,72.94,30.29,0,0
2024-06-15T09:21:04,25.85,75.11,49.26,0,0
2024-06-15T09:21:05,20.46,74.41,47.71,0,1
2024-06-15T09:21:06,21.31,72.87,46.46,0,1
2024-06-15T09:21:07,25.07,77.0,55.25,0,1
2024-06-15T09:21:08,35.85,82.98,47.42,1,1
2024-06-15T09:21:09,23.49,79.86,70.02,0,1
2024-06-15T09:21:10,25.55,82.9,69.33,0,1
2024-06-15T09:21:11,26.52,82.23,62.76,0,1
2024-06-15T09:21:12,18.98,81.58,68.06,1,1
2024-06-15T09:21:13,26.74,78.77,99.04,0,1
2024-06-15T09:21:14,29.62,93.2,112.92,0,1
2024-06-15T09:21:15,19.01,104.29,78.45,0,1
2024-06-15T09:21:16,29.32,86.94,61.01,0,1
2024-06-15T09:21:17,35.03,111.12,110.15,1,1
2024-06-15T09:21:18,39.39,107.31,83.7,1,1
2024-06-15T09:21:19,37.64,103.77,59.31,0,1
2024-06-15T09:21:20,33.36,102.36,157.99,0,1
2024-06-15T09:21:21,22.69,93.14,92.1,0,1
2024-06-15T09:21:22,36.18,124.98,156.6,1,1
2024-06-15T09:21:23,33.66,99.15,122.62,0,1
2024-06-15T09:21:24,38.68,105.71,178.12,0,1
2024-06-15T09:21:25,31.01,109.13,133.32,0,1
2024-06-15T09:21:26,42.17,112.8,164.38,1,1
2024-06-15T09:21:27,28.89,91.28,148.89,0,1
2024-06-15T09:21:28,37.57,123.14,160.03,0,1
2024-06-15T09:21:29,47.47,148.46,149.6,1,1
2024-06-15T09:21:30,43.66,116.45,93.39,0,1
2024-06-15T09:21:31,39.76,138.2,230.47,1,1
2024-06-15T09:21:32,44.98,99.23,156.89,0,1
2024-06-15T09:21:33,50.28,108.72,251.7,0,1
2024-06-15T09:21:34,36.5,103.47,94.07,0,1
2024-06-15T09:21:35,52.31,122.54,212.62,0,1
2024-06-15T09:21:36,46.1,140.88,125.85,1,1
2024-06-15T09:21:37,46.08,164.22,246.99,1,1
2024-06-15T09:21:38,32.77,151.88,143.98,1,1
2024-06-15T09:21:39,57.91,163.43,86.28,0,1
2024-06-15T09:21:40,42.94,161.2,271.15,0,1
2024-06-15T09:21:41,47.67,97.32,306.44,1,1
2024-06-15T09:21:42,67.1,154.54,304.17,1,1
2024-06-15T09:21:43,68.64,157.75,258.94,0,1
2024-06-15T09:21:44,57.33,141.33,292.46,1,1
2024-06-15T09:21:45,47.13,159.01,339.06,1,1
2024-06-15T09:21:46,49.86,159.31,247.14,1,1
2024-06-15T09:21:47,63.83,142.55,208.69,1,1
2024-06-15T09:21:48,53.95,130.43,210.35,0,1
2024-06-15T09:21:49,56.0,145.59,314.99,1,1
2024-06-15T09:21:50,54.93,172.14,357.98,0,1
2024-06-15T09:21:51,76.11,184.81,268.38,0,1
2024-06-15T09:21:52,54.88,210.63,194.45,1,1
2024-06-15T09:21:53,58.76,195.6,206.05,1,1
2024-06-15T09:21:54,74.23,111.68,297.56,0,1
2024-06-15T09:21:55,60.78,127.47,229.07,1,1
2024-06-15T09:21:56,64.24,197.1,166.36,0,1
2024-06-15T09:21:57,78.08,118.13,365.89,1,1
2024-06-15T09:21:58,50.76,141.55,414.81,1,1
2024-06-15T09:21:59,64.22,163.35,175.84,1,1
2024-06-15T09:22:00,80.79,232.24,177.05,1,1
2024-06-15T09:22:01,50.0,114.74,413.99,1,1
2024-06-15T09:22:02,55.14,227.3,344.21,1,1
2024-06-15T09:22:03,54.87,193.08,281.7,0,1
2024-06-15T09:22:04,77.56,175.04,197.51,0,1
2024-06-15T09:22:05,92.96,261.77,1633.65,1,1
2024-06-15T09:22:06,23.57,73.36,40.3,0,0
2024-06-15T09:22:07,19.16,75.09,36.16,0,0
2024-06-15T09:22:08,17.89,76.2,47.03,0,0
2024-06-15T09:22:09,21.25,78.42,39.92,0,0
2024-06-15T09:22:10,20.79,76.65,40.94,0,0
2024-06-15T09:22:11,22.34,68.7,42.13,0,0
2024-06-15T09:22:12,14.69,71.95,31.32,0,0
2024-06-15T09:22:13,17.83,73.63,38.11,0,0
2024-06-15T09:22:14,24.66,75.56,26.79,0,0
2024-06-15T09:22:15,22.33,75.8,39.37,0,0
2024-06-15T09:22:16,21.76,75.48,48.12,0,0
2024-06-15T09:22:17,15.7,74.39,54.07,0,0
2024-06-15T09:22:18,27.67,77.13,46.29,0,0
2024-06-15T09:22:19,28.62,79.79,40.97,0,0
2024-06-15T09:22:20,18.12,74.32,66.77,0,0
2024-06-15T09:22:21,15.72,73.82,30.7,0,0
2024-06-15T09:22:22,22.5,71.99,41.13,1,0
2024-06-15T09:22:23,14.2,76.54,51.78,0,0
2024-06-15T09:22:24,20.46,74.66,40.69,0,0
2024-06-15T09:22:25,22.72,74.9,48.14,0,0
2024-06-15T09:22:26,26.93,72.96,39.53,0,0
2024-06-15T09:22:27,25.61,71.45,26.23,0,0
2024-06-15T09:22:28,22.91,76.24,36.22,0,0
2024-06-15T09:22:29,19.69,73.1,35.06,0,0
2024-06-15T09:22:30,24.77,72.05,39.88,0,0
2024-06-15T09:22:31,18.38,71.36,48.96,0,0
2024-06-15T09:22:32,19.92,75.47,29.94,0,0
2024-06-15T09:22:33,19.03,76.89,62.7,0,0
2024-06-15T09:22:34,14.1,74.5,45.3,0,0
2024-06-15T09:22:35,19.54,77.12,35.07,0,0
2024-06-15T09:22:36,22.62,73.69,51.76,0,0
2024-06-15T09:22:37,19.29,74.12,49.57,0,0
2024-06-15T09:22:38,17.89,75.17,27.42,0,0
2024-06-15T09:22:39,17.65,75.96,34.07,0,0
2024-06-15T09:22:40,19.82,76.23,37.37,0,0
2024-06-15T09:22:41,25.29,75.54,45.49,0,0
2024-06-15T09:22:42,26.96,75.8,54.31,0,0
2024-06-15T09:22:43,25.65,73.69,52.35,0,0
2024-06-15T09:22:44,23.06,74.01,44.23,0,0
2024-06-15T09:22:45,26.45,76.14,56.58,0,0
2024-06-15T09:22:46,26.35,76.31,33.79,0,0
2024-06-15T09:22:47,21.28,75.18,47.57,0,0
2024-06-15T09:22:48,24.55,75.42,42.96,0,0
2024-06-15T09:22:49,24.88,72.85,55.56,0,0
2024-06-15T09:22:50,13.81,78.64,41.64,0,0
2024-06-15T09:22:51,26.01,75.91,44.77,0,0
2024-06-15T09:22:52,24.22,77.02,39.37,0,0
2024-06-15T09:22:53,26.14,72.29,41.96,0,0
2024-06-15T09:22:54,25.34,77.49,45.69,0,0
2024-06-15T09:22:55,20.43,77.24,36.65,0,0
2024-06-15T09:22:56,29.01,74.79,29.68,0,0
2024-06-15T09:22:57,17.22,75.11,43.12,0,0
2024-06-15T09:22:58,29.88,72.4,42.32,0,0
2024-06-15T09:22:59,17.76,73.77,55.47,0,0
2024-06-15T09:23:00,17.45,76.47,45.14,0,0
2024-06-15T09:23:01,21.9,76.3,32.72,0,0
2024-06-15T09:23:02,28.63,79.81,42.38,0,0
2024-06-15T09:23:03,31.69,74.0,45.2,0,0
2024-06-15T09:23:04,27.73,73.85,30.95,1,0
2024-06-15T09:23:05,15.55,80.15,37.77,0,0
2024-06-15T09:23:06,21.26,72.22,49.59,0,0
2024-06-15T09:23:07,18.87,73.77,44.4,0,0
2024-06-15T09:23:08,17.74,74.55,53.22,0,0
2024-06-15T09:23:09,23.71,75.33,43.72,0,0
2024-06-15T09:23:10,20.44,79.99,35.5,0,0
2024-06-15T09:23:11,22.84,75.29,50.07,0,0
2024-06-15T09:23:12,26.41,74.92,44.33,0,0
2024-06-15T09:23:13,23.31,69.32,29.29,0,0
2024-06-15T09:23:14,19.58,73.6,32.41,0,0
2024-06-15T09:23:15,25.0,75.01,40.28,0,0
2024-06-15T09:23:16,16.98,74.89,20.99,0,0
2024-06-15T09:23:17,21.35,75.16,43.94,0,0
2024-06-15T09:23:18,15.74,75.56,33.67,0,0
2024-06-15T09:23:19,18.75,76.79,58.11,0,0
